"Time (s)","Latitude (°)","Longitude (°)","Height (m)","Velocity (m/s)","Direction (°)","Horizontal Accuracy (m)","Vertical Accuracy (m)"
2.442413436E0,6.518667856E1,2.532193238E1,4.374546284E0,8.000000119E-1,1.043000031E2,1.212479210E1,1.172076988E1
3.450649165E0,6.518662077E1,2.532205624E1,-3.627905337E1,0.000000000E0,NaN,9.233759880E0,1.443051052E1
3.681428280E0,6.518671771E1,2.532189265E1,-9.549646037E0,0.000000000E0,NaN,3.790092468E0,3.777518034E0
4.681711769E0,6.518669649E1,2.532184113E1,-7.015161728E0,0.000000000E0,NaN,3.883933783E0,4.118064404E0
5.682007289E0,6.518672317E1,2.532184375E1,-4.595222256E0,0.000000000E0,NaN,3.790092468E0,2.500000000E0
6.682039633E0,6.518673531E1,2.532183523E1,-3.200699013E0,0.000000000E0,NaN,3.790092468E0,2.500000000E0
7.681494476E0,6.518673729E1,2.532183590E1,-3.107987465E0,0.000000000E0,NaN,3.790092468E0,2.500000000E0
8.682095309E0,6.518674008E1,2.532183154E1,-2.829547449E0,0.000000000E0,NaN,3.790092468E0,2.500000000E0
9.681409475E0,6.518674267E1,2.532182781E1,-2.486165787E0,0.000000000E0,NaN,3.790092468E0,2.500000000E0
1.068164416E1,6.518674439E1,2.532182722E1,-2.166403603E0,0.000000000E0,NaN,3.790092468E0,2.500000000E0
1.168170640E1,6.518674419E1,2.532182664E1,-2.365683414E0,0.000000000E0,NaN,3.790092468E0,2.500000000E0
1.268231328E1,6.518674471E1,2.532182677E1,-2.259543512E0,0.000000000E0,NaN,3.790092468E0,2.500000000E0
1.368154489E1,6.518674470E1,2.532182726E1,-2.098410587E0,0.000000000E0,NaN,3.790092468E0,2.500000000E0
1.468174749E1,6.518674519E1,2.532182697E1,-1.949179941E0,0.000000000E0,NaN,3.790092468E0,2.500000000E0
1.568139427E1,6.518674531E1,2.532182662E1,-1.829856348E0,0.000000000E0,NaN,3.790092468E0,2.500000000E0
1.668150140E1,6.518674554E1,2.532182643E1,-1.756614318E0,0.000000000E0,NaN,3.790092468E0,2.500000000E0
1.768177171E1,6.518674555E1,2.532182633E1,-1.723472255E0,0.000000000E0,NaN,3.790092468E0,2.500000000E0
1.868187317E1,6.518674573E1,2.532182640E1,-1.749473308E0,0.000000000E0,NaN,3.790092468E0,2.500000000E0
1.968147260E1,6.518674592E1,2.532182667E1,-1.786155474E0,0.000000000E0,NaN,3.790092468E0,2.500000000E0
2.068174010E1,6.518674603E1,2.532182658E1,-1.804832307E0,0.000000000E0,NaN,3.790092468E0,2.500000000E0
2.168237687E1,6.518674615E1,2.532182653E1,-1.807395855E0,0.000000000E0,NaN,3.790092468E0,2.500000000E0
2.268149275E1,6.518674615E1,2.532182636E1,-1.842979388E0,0.000000000E0,NaN,3.790092468E0,2.500000000E0
2.368209681E1,6.518674620E1,2.532182627E1,-1.841819765E0,0.000000000E0,NaN,3.790092468E0,2.500000000E0
2.468172213E1,6.518674631E1,2.532182642E1,-1.788536097E0,0.000000000E0,NaN,3.790092468E0,2.500000000E0
2.568141202E1,6.518674631E1,2.532182634E1,-1.741111798E0,0.000000000E0,NaN,3.790092468E0,2.500000000E0
2.668174483E1,6.518674627E1,2.532182610E1,-1.695335463E0,0.000000000E0,NaN,3.790092468E0,2.500000000E0
2.768195322E1,6.518674616E1,2.532182589E1,-1.681602543E0,0.000000000E0,NaN,3.790092468E0,2.500000000E0
2.868151770E1,6.518674619E1,2.532182581E1,-1.674583533E0,0.000000000E0,NaN,3.790092468E0,2.500000000E0
2.968175947E1,6.518674604E1,2.532182567E1,-1.663597160E0,0.000000000E0,NaN,3.790092468E0,2.500000000E0
3.068175327E1,6.518674607E1,2.532182543E1,-1.637840391E0,0.000000000E0,NaN,3.790092468E0,2.500000000E0
3.168173973E1,6.518674605E1,2.532182543E1,-1.614463917E0,0.000000000E0,NaN,3.790092468E0,2.500000000E0
3.268191441E1,6.518674596E1,2.532182554E1,-1.620140116E0,0.000000000E0,NaN,3.790092468E0,2.500000000E0
3.368164717E1,6.518674592E1,2.532182571E1,-1.646690352E0,0.000000000E0,NaN,3.790092468E0,2.500000000E0
3.468171993E1,6.518674594E1,2.532182566E1,-1.622642521E0,0.000000000E0,NaN,3.790092468E0,2.500000000E0
3.568172462E1,6.518674615E1,2.532182568E1,-1.623375045E0,0.000000000E0,NaN,3.790092468E0,2.500000000E0
3.668208051E1,6.518674605E1,2.532182582E1,-1.649009730E0,0.000000000E0,NaN,3.790092468E0,2.500000000E0
3.768219686E1,6.518674608E1,2.532182556E1,-1.673423864E0,0.000000000E0,NaN,3.790092468E0,2.500000000E0
3.868149108E1,6.518674603E1,2.532182573E1,-1.638084446E0,0.000000000E0,NaN,3.790092468E0,2.500000000E0
3.968149790E1,6.518674602E1,2.532182592E1,-1.616538989E0,0.000000000E0,NaN,3.790092468E0,2.500000000E0
4.068216748E1,6.518674610E1,2.532182592E1,-1.587242155E0,0.000000000E0,NaN,3.790092468E0,2.500000000E0
4.168177920E1,6.518674969E1,2.532182382E1,-1.425257126E0,0.000000000E0,NaN,3.790092468E0,2.500000000E0
4.268197233E1,6.518675244E1,2.532181879E1,-1.078885107E0,2.800000012E-1,2.260000000E2,3.790092468E0,2.500000000E0
4.368233155E1,6.518675001E1,2.532181440E1,-8.495147230E-1,3.199999928E-1,2.126999969E2,3.790092468E0,2.500000000E0
4.468145847E1,6.518674979E1,2.532181418E1,-9.083525506E-1,0.000000000E0,NaN,3.790092468E0,2.500000000E0
4.568146811E1,6.518675143E1,2.532181476E1,-8.792394835E-1,0.000000000E0,NaN,3.790092468E0,2.500000000E0
4.668229295E1,6.518675286E1,2.532181565E1,-7.623576876E-1,0.000000000E0,NaN,3.790092468E0,2.500000000E0
4.768147529E1,6.518675496E1,2.532181632E1,-7.395924897E-1,0.000000000E0,NaN,3.790092468E0,2.500000000E0
4.868192206E1,6.518675605E1,2.532181572E1,-6.370541100E-1,0.000000000E0,NaN,3.790092468E0,2.500000000E0
4.968168628E1,6.518675611E1,2.532181598E1,-6.041561342E-1,0.000000000E0,NaN,3.790092468E0,2.500000000E0
5.068233649E1,6.518675652E1,2.532181581E1,-5.951231757E-1,0.000000000E0,NaN,3.790092468E0,2.500000000E0
5.168149321E1,6.518675662E1,2.532181557E1,-5.433654663E-1,0.000000000E0,NaN,3.790092468E0,2.500000000E0
5.268176836E1,6.518675656E1,2.532181578E1,-5.243834564E-1,0.000000000E0,NaN,3.790092468E0,2.500000000E0
5.368149524E1,6.518675670E1,2.532181556E1,-4.853210754E-1,0.000000000E0,NaN,3.790092468E0,2.500000000E0
5.468161097E1,6.518675678E1,2.532181564E1,-4.757996140E-1,0.000000000E0,NaN,3.790092468E0,2.500000000E0
5.568174081E1,6.518675688E1,2.532181574E1,-4.693299161E-1,0.000000000E0,NaN,3.790092468E0,2.500000000E0
5.668140967E1,6.518675704E1,2.532181583E1,-4.670106413E-1,0.000000000E0,NaN,3.790092468E0,2.500000000E0
5.768141675E1,6.518675709E1,2.532181576E1,-4.570619515E-1,0.000000000E0,NaN,3.790092468E0,2.500000000E0
5.868172159E1,6.518675715E1,2.532181569E1,-4.551699073E-1,0.000000000E0,NaN,3.790092468E0,2.500000000E0
5.968149878E1,6.518675716E1,2.532181563E1,-4.520571326E-1,0.000000000E0,NaN,3.790092468E0,2.500000000E0
6.068223956E1,6.518675716E1,2.532181551E1,-4.480288386E-1,0.000000000E0,NaN,3.790092468E0,2.500000000E0
6.168161206E1,6.518675719E1,2.532181550E1,-4.254458481E-1,0.000000000E0,NaN,3.790092468E0,2.500000000E0
6.268173951E1,6.518675722E1,2.532181554E1,-4.139102100E-1,0.000000000E0,NaN,3.790092468E0,2.500000000E0
6.368229742E1,6.518675727E1,2.532181552E1,-4.071963725E-1,0.000000000E0,NaN,3.790092468E0,2.500000000E0
6.468195466E1,6.518675726E1,2.532181550E1,-3.852237156E-1,0.000000000E0,NaN,3.790092468E0,2.500000000E0
6.568206763E1,6.518675733E1,2.532181550E1,-3.648380088E-1,0.000000000E0,NaN,3.790092468E0,2.500000000E0
6.668225555E1,6.518675739E1,2.532181538E1,-3.477482217E-1,0.000000000E0,NaN,3.790092468E0,2.500000000E0
6.768197701E1,6.518675746E1,2.532181533E1,-3.299870376E-1,0.000000000E0,NaN,3.790092468E0,2.500000000E0
6.868234768E1,6.518675753E1,2.532181539E1,-3.097844231E-1,0.000000000E0,NaN,3.790092468E0,2.500000000E0
6.968150128E1,6.518675753E1,2.532181528E1,-3.011174550E-1,0.000000000E0,NaN,3.790092468E0,2.500000000E0
7.068221643E1,6.518675752E1,2.532181505E1,-3.020330277E-1,0.000000000E0,NaN,3.790092468E0,2.500000000E0
7.168173945E1,6.518675745E1,2.532181478E1,-3.030706491E-1,0.000000000E0,NaN,3.790092468E0,2.500000000E0
7.268219633E1,6.518675741E1,2.532181457E1,-2.904974327E-1,0.000000000E0,NaN,3.790092468E0,2.500000000E0
7.368175164E1,6.518675734E1,2.532181425E1,-2.926336979E-1,0.000000000E0,NaN,3.790092468E0,2.500000000E0
7.468179117E1,6.518675732E1,2.532181400E1,-2.752997582E-1,0.000000000E0,NaN,3.790092468E0,2.500000000E0
7.568173445E1,6.518675726E1,2.532181390E1,-2.778021911E-1,0.000000000E0,NaN,3.790092468E0,2.500000000E0
7.668218679E1,6.518675722E1,2.532181378E1,-2.727362792E-1,0.000000000E0,NaN,3.790092468E0,2.500000000E0
7.768226664E1,6.518675722E1,2.532181376E1,-2.609564985E-1,0.000000000E0,NaN,3.790092468E0,2.500000000E0
7.868173075E1,6.518675724E1,2.532181365E1,-2.586371967E-1,0.000000000E0,NaN,3.790092468E0,2.500000000E0
7.968150460E1,6.518675722E1,2.532181367E1,-2.704780026E-1,0.000000000E0,NaN,3.790092468E0,2.500000000E0
8.068203059E1,6.518675725E1,2.532181366E1,-2.669379809E-1,0.000000000E0,NaN,3.790092468E0,2.500000000E0
8.168229289E1,6.518675727E1,2.532181357E1,-2.544868388E-1,0.000000000E0,NaN,3.790092468E0,2.500000000E0
8.268185335E1,6.518675732E1,2.532181742E1,-6.154479346E-1,0.000000000E0,NaN,3.790092468E0,2.500000000E0
8.368203325E1,6.518675805E1,2.532181751E1,-5.047915458E-1,0.000000000E0,NaN,3.790092468E0,2.500000000E0
8.468164330E1,6.518675714E1,2.532181496E1,-3.929142029E-1,0.000000000E0,NaN,3.790092468E0,2.500000000E0
8.568167830E1,6.518675585E1,2.532181129E1,-1.421208975E-1,0.000000000E0,NaN,3.790092468E0,2.500000000E0
8.668168742E1,6.518675448E1,2.532181232E1,3.427162272E-2,0.000000000E0,NaN,3.790092468E0,2.500000000E0
8.768169762E1,6.518675437E1,2.532181312E1,6.576599428E-2,0.000000000E0,NaN,3.790092468E0,2.500000000E0
8.868212278E1,6.518675493E1,2.532181341E1,4.293862613E-2,0.000000000E0,NaN,3.790092468E0,2.500000000E0
8.968168898E1,6.518675532E1,2.532181325E1,2.603165552E-2,0.000000000E0,NaN,3.790092468E0,2.500000000E0
9.068214043E1,6.518675546E1,2.532181312E1,2.395636091E-2,0.000000000E0,NaN,3.790092468E0,2.500000000E0
9.168169559E1,6.518675552E1,2.532181289E1,2.005003016E-2,0.000000000E0,NaN,3.790092468E0,2.500000000E0
9.268185470E1,6.518675563E1,2.532181259E1,3.286729160E-2,0.000000000E0,NaN,3.790092468E0,2.500000000E0
9.368211533E1,6.518675605E1,2.532181240E1,1.140437953E-1,0.000000000E0,NaN,3.790092468E0,2.500000000E0
9.468157137E1,6.518675613E1,2.532181219E1,1.192927323E-1,0.000000000E0,NaN,3.790092468E0,2.500000000E0
9.568159371E1,6.518675610E1,2.532181233E1,1.227717821E-1,0.000000000E0,NaN,3.790092468E0,2.500000000E0
9.668227627E1,6.518675610E1,2.532181234E1,1.202693428E-1,0.000000000E0,NaN,3.790092468E0,2.500000000E0
9.768172127E1,6.518675610E1,2.532181235E1,1.184993255E-1,0.000000000E0,NaN,3.790092468E0,2.500000000E0
9.868135668E1,6.518675613E1,2.532181223E1,1.211848309E-1,0.000000000E0,NaN,3.790092468E0,2.500000000E0
9.968205402E1,6.518675614E1,2.532181225E1,1.205134435E-1,0.000000000E0,NaN,3.790092468E0,2.500000000E0
1.006815884E2,6.518675617E1,2.532181226E1,1.248469266E-1,0.000000000E0,NaN,3.790092468E0,2.500000000E0
1.016821453E2,6.518675617E1,2.532181228E1,1.212458568E-1,0.000000000E0,NaN,3.790092468E0,2.500000000E0
1.026815508E2,6.518674734E1,2.532179833E1,-1.899099600E-1,9.900000095E-1,2.116999969E2,3.790092468E0,2.500000000E0
1.036822093E2,6.518673909E1,2.532178556E1,-2.306800692E-1,1.389999986E0,2.158000031E2,3.790092468E0,2.500000000E0
1.046813259E2,6.518673081E1,2.532177549E1,-4.858050403E-1,1.080000043E0,2.078000031E2,3.790092468E0,2.500000000E0
1.056819014E2,6.518672295E1,2.532176832E1,-7.858514633E-1,1.039999962E0,2.045000000E2,3.790092468E0,2.500000000E0
1.066818178E2,6.518671539E1,2.532175937E1,-1.254538565E0,1.070000052E0,2.106000061E2,3.790092468E0,2.500000000E0
1.076816639E2,6.518670705E1,2.532174982E1,-1.634480286E0,1.129999995E0,2.095000000E2,3.790092468E0,2.500000000E0
1.086817932E2,6.518669908E1,2.532173859E1,-1.849078323E0,1.149999976E0,2.130000000E2,3.790092468E0,2.500000000E0
1.096813589E2,6.518669121E1,2.532172559E1,-2.187822307E0,1.149999976E0,2.158999939E2,3.790092468E0,2.500000000E0
1.106817743E2,6.518668413E1,2.532171387E1,-2.410782718E0,1.090000033E0,2.143999939E2,3.790092468E0,2.500000000E0
1.116817066E2,6.518667689E1,2.532170114E1,-2.344558700E0,1.129999995E0,2.160000000E2,3.790092468E0,2.500000000E0
1.126821473E2,6.518666953E1,2.532168838E1,-2.570265779E0,1.090000033E0,2.131999969E2,3.790092468E0,2.500000000E0
1.136817477E2,6.518666100E1,2.532167685E1,-2.791394360E0,1.149999976E0,2.118000031E2,3.790092468E0,2.500000000E0
1.146813694E2,6.518665349E1,2.532166481E1,-2.600475229E0,1.090000033E0,2.146999969E2,3.790092468E0,2.500000000E0
1.156821983E2,6.518664538E1,2.532165460E1,-2.659128147E0,1.149999976E0,2.098999939E2,3.790092468E0,2.500000000E0
1.166818939E2,6.518663614E1,2.532164464E1,-2.705390302E0,1.169999957E0,2.061000061E2,3.790092468E0,2.500000000E0
1.176816500E2,6.518662803E1,2.532162875E1,-2.772589386E0,1.169999957E0,2.146000061E2,3.790092468E0,2.500000000E0
1.186816884E2,6.518661931E1,2.532161502E1,-2.991399016E0,1.190000057E0,2.090000000E2,3.790092468E0,2.500000000E0
1.196814740E2,6.518661008E1,2.532160074E1,-3.363833996E0,1.220000029E0,2.136999969E2,3.790092468E0,2.500000000E0
1.206821533E2,6.518660075E1,2.532158775E1,-3.599183682E0,1.190000057E0,2.111999969E2,3.790092468E0,2.500000000E0
1.216818001E2,6.518659112E1,2.532157794E1,-3.883055469E0,1.139999986E0,2.043000031E2,3.790092468E0,2.500000000E0
1.226823093E2,6.518658125E1,2.532156615E1,-3.989254228E0,1.210000038E0,2.043000031E2,3.790092468E0,2.500000000E0
1.236816854E2,6.518657091E1,2.532155573E1,-3.959466121E0,1.210000038E0,2.001999969E2,3.790092468E0,2.500000000E0
1.246816107E2,6.518656197E1,2.532154288E1,-3.703605036E0,1.220000029E0,2.041000061E2,3.790092468E0,2.500000000E0
1.256814118E2,6.518655343E1,2.532152876E1,-3.787038864E0,1.210000038E0,2.090000000E2,3.790092468E0,2.500000000E0
1.266820671E2,6.518654534E1,2.532151478E1,-3.754750233E0,1.179999948E0,2.086000061E2,3.790092468E0,2.500000000E0
1.276816245E2,6.518653653E1,2.532150291E1,-3.709948569E0,1.169999957E0,2.060000000E2,3.790092468E0,2.500000000E0
1.286818894E2,6.518652710E1,2.532149129E1,-3.886521047E0,1.230000019E0,2.068000031E2,3.790092468E0,2.500000000E0
1.296821298E2,6.518651750E1,2.532147967E1,-4.150312678E0,1.210000038E0,2.053999939E2,3.790092468E0,2.500000000E0
1.306813508E2,6.518650802E1,2.532147158E1,-4.163127034E0,1.169999957E0,2.003999939E2,3.790092468E0,2.500000000E0
1.316816973E2,6.518649770E1,2.532146281E1,-4.052833203E0,1.220000029E0,2.016999969E2,3.790092468E0,2.500000000E0
1.326818106E2,6.518648719E1,2.532145268E1,-3.869663598E0,1.210000038E0,2.011999969E2,3.790092468E0,2.500000000E0
1.336817831E2,6.518647598E1,2.532144234E1,-3.959015656E0,1.269999981E0,2.025000000E2,3.790092468E0,2.500000000E0
1.346817854E2,6.518646495E1,2.532143330E1,-3.992032071E0,1.250000000E0,2.023999939E2,3.790092468E0,2.500000000E0
1.356816853E2,6.518645496E1,2.532142470E1,-4.152307217E0,1.210000038E0,2.023999939E2,3.790092468E0,2.699049711E0
1.366816484E2,6.518644433E1,2.532141404E1,-4.136190889E0,1.230000019E0,2.038000031E2,3.790092468E0,3.000111818E0
1.376819860E2,6.518643366E1,2.532140390E1,-4.070941125E0,1.279999971E0,2.025000000E2,3.790092468E0,3.297128916E0
1.386819762E2,6.518642333E1,2.532139467E1,-3.973464772E0,1.210000038E0,1.998000031E2,3.790092468E0,3.593352795E0
1.396819729E2,6.518641285E1,2.532138336E1,-3.897045926E0,1.200000048E0,2.000000000E2,3.790092468E0,3.866805792E0
1.406815723E2,6.518640133E1,2.532137306E1,-3.834908560E0,1.220000029E0,2.001000061E2,3.906635523E0,4.124095917E0
1.416819918E2,6.518638957E1,2.532135830E1,-3.534002516E0,1.320000052E0,2.016999969E2,3.790092468E0,3.175125122E0
1.426820828E2,6.518637851E1,2.532134549E1,-3.472110072E0,1.299999952E0,2.001000061E2,3.790092468E0,2.950554609E0
1.436817588E2,6.518636665E1,2.532133165E1,-3.771972819E0,1.409999967E0,2.030000000E2,3.790092468E0,2.500000000E0
1.446817992E2,6.518635643E1,2.532131975E1,-3.761411167E0,1.240000010E0,1.991999969E2,3.790092468E0,2.500000000E0
1.456821709E2,6.518634651E1,2.532130771E1,-3.739619228E0,1.220000029E0,2.035000000E2,3.790092468E0,2.500000000E0
1.466814442E2,6.518633571E1,2.532129525E1,-3.848198029E0,1.330000043E0,2.048000031E2,3.790092468E0,2.500000000E0
1.476820421E2,6.518632449E1,2.532128390E1,-3.773426766E0,1.299999952E0,2.028999939E2,3.790092468E0,2.500000000E0
1.486821429E2,6.518631300E1,2.532127410E1,-3.951218502E0,1.289999962E0,1.996000061E2,3.790092468E0,2.500000000E0
1.496813868E2,6.518630076E1,2.532126161E1,-4.054242381E0,1.320000052E0,2.013000031E2,3.790092468E0,2.500000000E0
1.506813609E2,6.518628892E1,2.532125282E1,-4.092629423E0,1.299999952E0,1.978000031E2,3.790092468E0,2.500000000E0
1.516823060E2,6.518627732E1,2.532124256E1,-4.146214661E0,1.320000052E0,2.013000031E2,3.790092468E0,2.500000000E0
1.526823113E2,6.518626651E1,2.532123105E1,-4.112825474E0,1.289999962E0,2.023999939E2,3.790092468E0,2.500000000E0
1.536814070E2,6.518625538E1,2.532122000E1,-3.997343740E0,1.309999943E0,2.028999939E2,3.790092468E0,2.500000000E0
1.546817688E2,6.518624390E1,2.532121024E1,-3.740259984E0,1.279999971E0,1.988000031E2,3.790092468E0,2.500000000E0
1.556821256E2,6.518623213E1,2.532120060E1,-3.441428007E0,1.320000052E0,1.973000031E2,3.790092468E0,2.500000000E0
1.566818581E2,6.518621988E1,2.532119033E1,-3.434099831E0,1.330000043E0,1.981999969E2,3.790092468E0,2.500000000E0
1.576822507E2,6.518620871E1,2.532118194E1,-3.546950014E0,1.230000019E0,1.983000031E2,3.790092468E0,2.500000000E0
1.586821244E2,6.518619823E1,2.532117434E1,-3.631113849E0,1.179999948E0,1.971000061E2,3.790092468E0,2.500000000E0
1.596817844E2,6.518618829E1,2.532116529E1,-3.557990678E0,1.139999986E0,1.998999939E2,3.790092468E0,2.500000000E0
1.606821383E2,6.518617747E1,2.532115635E1,-3.509586274E0,1.250000000E0,1.983000031E2,3.790092468E0,2.500000000E0
1.616822996E2,6.518616615E1,2.532114940E1,-3.552489776E0,1.289999962E0,1.951999969E2,3.790092468E0,2.500000000E0
1.626821756E2,6.518615449E1,2.532114324E1,-3.585200062E0,1.230000019E0,1.951000061E2,3.790092468E0,2.500000000E0
1.636822861E2,6.518614302E1,2.532113477E1,-3.641287414E0,1.240000010E0,1.978000031E2,3.790092468E0,2.500000000E0
1.646816389E2,6.518613238E1,2.532112676E1,-3.696703699E0,1.230000019E0,1.981000061E2,3.790092468E0,2.500000000E0
1.656820552E2,6.518612120E1,2.532111782E1,-3.739729777E0,1.299999952E0,1.981000061E2,3.790092468E0,2.500000000E0
1.666815655E2,6.518610988E1,2.532110956E1,-3.991190693E0,1.309999943E0,2.008000031E2,3.790092468E0,2.500000000E0
1.676813547E2,6.518609996E1,2.532110410E1,-4.040564304E0,1.169999957E0,1.948999939E2,3.790092468E0,2.500000000E0
1.686817747E2,6.518608957E1,2.532109922E1,-4.136202199E0,1.230000019E0,1.946000061E2,3.790092468E0,2.500000000E0
1.696821235E2,6.518607794E1,2.532109255E1,-4.173429212E0,1.269999981E0,1.940000000E2,3.790092468E0,2.500000000E0
1.706820457E2,6.518606705E1,2.532108546E1,-4.190942336E0,1.210000038E0,1.955000000E2,3.790092468E0,2.500000000E0
1.716821374E2,6.518605557E1,2.532107885E1,-4.231770486E0,1.230000019E0,1.946999969E2,3.790092468E0,2.500000000E0
1.726816113E2,6.518604432E1,2.532107206E1,-4.156265784E0,1.200000048E0,1.945000000E2,3.790092468E0,2.500000000E0
1.736820157E2,6.518603247E1,2.532106492E1,-4.212047476E0,1.289999962E0,1.941999969E2,3.790092468E0,2.500000000E0
1.746822997E2,6.518602060E1,2.532105629E1,-4.016486709E0,1.279999971E0,1.951999969E2,3.790092468E0,2.500000000E0
1.756814861E2,6.518600945E1,2.532104881E1,-4.468631134E0,1.169999957E0,1.920000000E2,3.790092468E0,2.500000000E0
1.766816426E2,6.518599848E1,2.532104008E1,-4.492919477E0,1.210000038E0,1.933000031E2,3.790092468E0,2.500000000E0
1.776821145E2,6.518598760E1,2.532103152E1,-4.286433903E0,1.230000019E0,1.936000061E2,3.790092468E0,2.500000000E0
1.786816302E2,6.518597698E1,2.532102281E1,-3.959892341E0,1.210000038E0,1.931000061E2,3.790092468E0,2.500000000E0
1.796820356E2,6.518596525E1,2.532101679E1,-3.940966817E0,1.269999981E0,1.893999939E2,3.790092468E0,2.500000000E0
1.806820469E2,6.518595360E1,2.532101125E1,-4.117842009E0,1.240000010E0,1.903999939E2,3.790092468E0,2.500000000E0
1.816815032E2,6.518594201E1,2.532100421E1,-3.888711700E0,1.230000019E0,1.930000000E2,3.790092468E0,2.500000000E0
1.826819565E2,6.518593093E1,2.532099916E1,-3.648716956E0,1.269999981E0,1.896999969E2,3.790092468E0,2.500000000E0
1.836815536E2,6.518592043E1,2.532099088E1,-3.503632880E0,1.210000038E0,1.871000061E2,3.790092468E0,2.500000000E0
1.846821213E2,6.518590850E1,2.532098284E1,-3.392056328E0,1.240000010E0,1.868000031E2,3.790092468E0,2.500000000E0
1.856823307E2,6.518589697E1,2.532097817E1,-3.372886468E0,1.200000048E0,1.866000061E2,3.790092468E0,2.500000000E0
1.866814918E2,6.518588565E1,2.532097215E1,-3.409686248E0,1.230000019E0,1.920000000E2,3.790092468E0,2.500000000E0
1.876817352E2,6.518587424E1,2.532096813E1,-3.442762401E0,1.259999990E0,1.911999969E2,3.790092468E0,2.500000000E0
1.886823089E2,6.518586295E1,2.532096311E1,-3.589364224E0,1.279999971E0,1.888000031E2,3.790092468E0,2.500000000E0
1.896817837E2,6.518585080E1,2.532095849E1,-3.770206246E0,1.340000033E0,1.888999939E2,3.790092468E0,2.500000000E0
1.906818279E2,6.518583934E1,2.532095516E1,-3.844908199E0,1.269999981E0,1.886999969E2,3.790092468E0,2.500000000E0
1.916822359E2,6.518582809E1,2.532095403E1,-3.975334876E0,1.250000000E0,1.883999939E2,3.790092468E0,2.500000000E0
1.926817253E2,6.518581737E1,2.532095335E1,-4.141101079E0,1.269999981E0,1.873000031E2,3.790092468E0,2.500000000E0
1.936821158E2,6.518580655E1,2.532095297E1,-4.264874978E0,1.279999971E0,1.838999939E2,3.790092468E0,2.500000000E0
1.946817816E2,6.518579477E1,2.532095140E1,-4.378333709E0,1.279999971E0,1.841999969E2,3.790092468E0,2.500000000E0
1.956820862E2,6.518578274E1,2.532094786E1,-4.500215595E0,1.269999981E0,1.883000031E2,3.790092468E0,2.500000000E0
1.966823009E2,6.518577046E1,2.532094401E1,-4.305202891E0,1.250000000E0,1.853000031E2,3.790092468E0,2.500000000E0
1.976813510E2,6.518575792E1,2.532094148E1,-4.294027657E0,1.299999952E0,1.853000031E2,3.790092468E0,2.500000000E0
1.986813405E2,6.518574577E1,2.532093792E1,-4.165848451E0,1.289999962E0,1.845000000E2,3.790092468E0,2.500000000E0
1.996815267E2,6.518573402E1,2.532093569E1,-4.262644744E0,1.269999981E0,1.793999939E2,3.790092468E0,2.500000000E0
2.006817785E2,6.518572254E1,2.532093315E1,-4.463017901E0,1.259999990E0,1.836000061E2,3.790092468E0,2.500000000E0
2.016821260E2,6.518571146E1,2.532093026E1,-4.494751200E0,1.240000010E0,1.851000061E2,3.790092468E0,2.500000000E0
2.026816053E2,6.518570065E1,2.532092732E1,-4.564387479E0,1.259999990E0,1.861999969E2,9.935046196E0,2.500000000E0
2.036816939E2,6.518568938E1,2.532092624E1,-4.452443529E0,1.289999962E0,1.833000031E2,9.935046196E0,2.500000000E0
2.046821340E2,6.518567813E1,2.532092505E1,-4.706832621E0,1.289999962E0,1.841999969E2,9.935046196E0,2.500000000E0
2.056815591E2,6.518566776E1,2.532092486E1,-4.821634538E0,1.210000038E0,1.801999969E2,9.935046196E0,2.500000000E0
2.066815079E2,6.518565722E1,2.532092358E1,-4.846287681E0,1.220000029E0,1.846999969E2,9.935046196E0,2.500000000E0
2.076815131E2,6.518564675E1,2.532092165E1,-4.860381919E0,1.220000029E0,1.838999939E2,9.935046196E0,2.500000000E0
2.086814896E2,6.518563594E1,2.532092288E1,-4.968286331E0,1.230000019E0,1.758000031E2,9.935046196E0,2.500000000E0
2.096822999E2,6.518562481E1,2.532092463E1,-5.017108436E0,1.240000010E0,1.793999939E2,9.935046196E0,2.500000000E0
2.106817820E2,6.518561330E1,2.532092706E1,-4.634411646E0,1.230000019E0,1.770000000E2,9.935046196E0,2.500000000E0
2.116821305E2,6.518560124E1,2.532092698E1,-4.506536902E0,1.230000019E0,1.773999939E2,9.935046196E0,2.500000000E0
2.126821361E2,6.518559042E1,2.532092620E1,-4.339112157E0,1.259999990E0,1.798999939E2,9.935046196E0,2.500000000E0
2.136820485E2,6.518557879E1,2.532092713E1,-4.553339461E0,1.279999971E0,1.773000031E2,9.935046196E0,2.500000000E0
2.146815619E2,6.518556828E1,2.532092686E1,-4.976307829E0,1.159999967E0,1.798999939E2,9.935046196E0,2.500000000E0
2.156818654E2,6.518555759E1,2.532092969E1,-4.981184609E0,1.220000029E0,1.761999969E2,9.935046196E0,2.500000000E0
2.166820692E2,6.518554603E1,2.532093259E1,-4.863502340E0,1.269999981E0,1.776000061E2,9.935046196E0,2.500000000E0
2.176818591E2,6.518553485E1,2.532093588E1,-5.004243029E0,1.259999990E0,1.771999969E2,9.935046196E0,2.500000000E0
2.186819878E2,6.518552313E1,2.532093909E1,-5.060999087E0,1.250000000E0,1.733000031E2,9.935046196E0,2.500000000E0
2.196818225E2,6.518551195E1,2.532094600E1,-4.737871800E0,1.220000029E0,1.685000000E2,9.935046196E0,2.500000000E0
2.206820977E2,6.518550093E1,2.532094935E1,-5.081920663E0,1.210000038E0,1.731000061E2,9.935046196E0,2.500000000E0
2.216815559E2,6.518548908E1,2.532095308E1,-5.127629179E0,1.269999981E0,1.741999969E2,9.935046196E0,2.500000000E0
2.226815298E2,6.518547757E1,2.532095196E1,-5.456053769E0,1.279999971E0,1.786000061E2,9.935046196E0,2.500000000E0
2.236818339E2,6.518546702E1,2.532095304E1,-5.424737154E0,1.240000010E0,1.735000000E2,9.935046196E0,2.500000000E0
2.246823150E2,6.518545633E1,2.532095389E1,-5.165637316E0,1.259999990E0,1.731999969E2,9.935046196E0,2.500000000E0
2.256818502E2,6.518544493E1,2.532095640E1,-5.042767224E0,1.230000019E0,1.701000061E2,9.935046196E0,2.500000000E0
2.266817928E2,6.518543374E1,2.532095844E1,-5.197973514E0,1.210000038E0,1.663000031E2,9.935046196E0,2.500000000E0
2.276817879E2,6.518542256E1,2.532096034E1,-5.209197905E0,1.240000010E0,1.666999969E2,9.935046196E0,2.500000000E0
2.286813514E2,6.518541149E1,2.532096265E1,-5.043237204E0,1.139999986E0,1.658000031E2,9.935046196E0,2.500000000E0
2.296818116E2,6.518539939E1,2.532096731E1,-4.945756915E0,1.269999981E0,1.683000031E2,9.935046196E0,2.500000000E0
2.306819789E2,6.518538755E1,2.532097407E1,-5.034372491E0,1.250000000E0,1.661999969E2,9.935046196E0,2.500000000E0
2.316816513E2,6.518537611E1,2.532098124E1,-5.016359763E0,1.230000019E0,1.653000031E2,9.935046196E0,2.500000000E0
2.326820250E2,6.518536447E1,2.532098658E1,-4.850459148E0,1.279999971E0,1.695000000E2,9.935046196E0,2.500000000E0
2.336817816E2,6.518535309E1,2.532099096E1,-4.948230750E0,1.240000010E0,1.695000000E2,9.935046196E0,2.500000000E0
2.346813540E2,6.518534158E1,2.532099654E1,-4.884930247E0,1.269999981E0,1.691000061E2,9.935046196E0,2.500000000E0
2.356822815E2,6.518533056E1,2.532100475E1,-4.867588892E0,1.200000048E0,1.598999939E2,9.935046196E0,2.500000000E0
2.366823430E2,6.518531929E1,2.532101214E1,-4.795804230E0,1.220000029E0,1.630000000E2,9.935046196E0,2.500000000E0
2.376819683E2,6.518530874E1,2.532102173E1,-4.818196699E0,1.250000000E0,1.598999939E2,9.935046196E0,2.500000000E0
2.386814851E2,6.518529886E1,2.532103240E1,-4.794507729E0,1.269999981E0,1.585000000E2,9.935046196E0,2.500000000E0
2.396820615E2,6.518528820E1,2.532104117E1,-4.977727959E0,1.379999995E0,1.641000061E2,9.935046196E0,2.500000000E0
2.406821177E2,6.518527889E1,2.532105094E1,-5.136473556E0,1.230000019E0,1.646000061E2,9.935046196E0,2.500000000E0
2.416817872E2,6.518526889E1,2.532105826E1,-5.162895120E0,1.279999971E0,1.688000031E2,9.935046196E0,2.500000000E0
2.426819581E2,6.518525882E1,2.532106461E1,-5.069077601E0,1.289999962E0,1.620000000E2,9.935046196E0,2.500000000E0
2.436819923E2,6.518524886E1,2.532107274E1,-5.051675767E0,1.200000048E0,1.585000000E2,9.935046196E0,2.500000000E0
2.446822752E2,6.518523842E1,2.532108125E1,-5.019442063E0,1.179999948E0,1.595000000E2,9.935046196E0,2.500000000E0
2.456815553E2,6.518522829E1,2.532108937E1,-4.831935164E0,1.159999967E0,1.613000031E2,9.935046196E0,2.500000000E0
2.466819021E2,6.518521750E1,2.532109801E1,-4.626300377E0,1.220000029E0,1.598000031E2,9.935046196E0,2.500000000E0
2.476817354E2,6.518520601E1,2.532110421E1,-4.727184321E0,1.289999962E0,1.666000061E2,9.935046196E0,2.500000000E0
2.486823513E2,6.518519488E1,2.532111024E1,-4.831303348E0,1.289999962E0,1.653000031E2,9.935046196E0,2.500000000E0
2.496813479E2,6.518518508E1,2.532111676E1,-4.931943937E0,1.190000057E0,1.655000000E2,9.935046196E0,2.500000000E0
2.506820159E2,6.518517420E1,2.532112509E1,-4.731497161E0,1.279999971E0,1.646999969E2,9.935046196E0,2.500000000E0
2.516821903E2,6.518516327E1,2.532113195E1,-4.698836323E0,1.259999990E0,1.650000000E2,9.935046196E0,2.500000000E0
2.526820597E2,6.518515293E1,2.532113857E1,-4.684303278E0,1.210000038E0,1.631000061E2,9.935046196E0,2.500000000E0
2.536818126E2,6.518514228E1,2.532114460E1,-4.697968447E0,1.210000038E0,1.633000031E2,9.935046196E0,2.500000000E0
2.546817875E2,6.518513141E1,2.532115337E1,-4.540368260E0,1.240000010E0,1.595000000E2,9.935046196E0,2.500000000E0
2.556822876E2,6.518511934E1,2.532116048E1,-4.404923588E0,1.399999976E0,1.646000061E2,9.935046196E0,2.500000000E0
2.566815425E2,6.518510888E1,2.532117084E1,-4.472665060E0,1.340000033E0,1.603000031E2,9.935046196E0,2.500000000E0
2.576816015E2,6.518509851E1,2.532118158E1,-4.443604736E0,1.330000043E0,1.585000000E2,9.935046196E0,2.500000000E0
2.586816849E2,6.518508912E1,2.532119076E1,-4.613458823E0,1.279999971E0,1.610000000E2,9.935046196E0,2.500000000E0
2.596821712E2,6.518507816E1,2.532119901E1,-4.466967102E0,1.320000052E0,1.626999969E2,9.935046196E0,2.500000000E0
2.606816010E2,6.518506729E1,2.532120918E1,-4.408975986E0,1.269999981E0,1.591999969E2,9.935046196E0,2.500000000E0
2.616815890E2,6.518505667E1,2.532121870E1,-4.378511994E0,1.259999990E0,1.586999969E2,9.935046196E0,2.500000000E0
2.626816473E2,6.518504667E1,2.532123091E1,-4.619593140E0,1.289999962E0,1.561999969E2,9.935046196E0,2.500000000E0
2.636819447E2,6.518503651E1,2.532124140E1,-4.711565693E0,1.259999990E0,1.560000000E2,9.935046196E0,2.500000000E0
2.646820336E2,6.518502637E1,2.532125479E1,-4.762277860E0,1.269999981E0,1.515000000E2,9.935046196E0,2.500000000E0
2.656815436E2,6.518501560E1,2.532126866E1,-4.551392924E0,1.299999952E0,1.533999939E2,9.935046196E0,2.500000000E0
2.666816490E2,6.518500564E1,2.532128301E1,-4.430596184E0,1.289999962E0,1.503999939E2,9.935046196E0,2.500000000E0
2.676818053E2,6.518499496E1,2.532129621E1,-4.674118178E0,1.259999990E0,1.523000031E2,9.935046196E0,2.500000000E0
2.686817590E2,6.518498402E1,2.532130733E1,-4.776832388E0,1.309999943E0,1.523000031E2,9.935046196E0,2.500000000E0
2.696821660E2,6.518497339E1,2.532132131E1,-4.718657461E0,1.289999962E0,1.486000061E2,9.935046196E0,2.500000000E0
2.706820898E2,6.518496316E1,2.532133316E1,-4.595480758E0,1.220000029E0,1.528999939E2,9.935046196E0,2.500000000E0
2.716823165E2,6.518495296E1,2.532134559E1,-4.558851796E0,1.240000010E0,1.515000000E2,9.935046196E0,2.500000000E0
2.726817745E2,6.518494244E1,2.532135896E1,-4.369390437E0,1.259999990E0,1.485000000E2,9.935046196E0,2.500000000E0
2.736819801E2,6.518493294E1,2.532137319E1,-4.171323450E0,1.240000010E0,1.470000000E2,9.935046196E0,2.500000000E0
2.746815843E2,6.518492489E1,2.532138983E1,-4.012380208E0,1.230000019E0,1.415000000E2,9.935046196E0,2.500000000E0
2.756821048E2,6.518491546E1,2.532140551E1,-4.039959915E0,1.320000052E0,1.476999969E2,9.935046196E0,2.500000000E0
2.766819166E2,6.518490481E1,2.532141880E1,-4.048069309E0,1.330000043E0,1.506999969E2,9.935046196E0,2.500000000E0
2.776814047E2,6.518489459E1,2.532143417E1,-4.541468995E0,1.269999981E0,1.493999939E2,9.935046196E0,2.500000000E0
2.786815109E2,6.518488467E1,2.532144855E1,-4.557635163E0,1.279999971E0,1.533999939E2,9.935046196E0,2.500000000E0
2.796820517E2,6.518487599E1,2.532146314E1,-4.571238436E0,1.240000010E0,1.503999939E2,9.935046196E0,2.500000000E0
2.806819340E2,6.518486513E1,2.532147644E1,-4.705690496E0,1.289999962E0,1.506000061E2,9.935046196E0,2.500000000E0
2.816813329E2,6.518485525E1,2.532149044E1,-4.781427080E0,1.269999981E0,1.480000000E2,9.935046196E0,2.500000000E0
2.826820492E2,6.518484575E1,2.532150341E1,-4.961351092E0,1.230000019E0,1.490000000E2,9.935046196E0,2.500000000E0
2.836819286E2,6.518483657E1,2.532151886E1,-4.758706367E0,1.169999957E0,1.443000031E2,9.935046196E0,2.500000000E0
2.846816280E2,6.518482583E1,2.532153378E1,-4.495514094E0,1.320000052E0,1.516000061E2,9.935046196E0,2.500000000E0
2.856822406E2,6.518481532E1,2.532154849E1,-4.415915732E0,1.309999943E0,1.478999939E2,9.935046196E0,2.500000000E0
2.866813580E2,6.518480517E1,2.532156276E1,-4.451429954E0,1.289999962E0,1.466999969E2,9.935046196E0,2.500000000E0
2.876816755E2,6.518479470E1,2.532157561E1,-4.263189440E0,1.320000052E0,1.501999969E2,9.935046196E0,2.500000000E0
2.886821571E2,6.518478426E1,2.532158812E1,-4.146054972E0,1.250000000E0,1.513000031E2,9.935046196E0,2.500000000E0
2.896816797E2,6.518477464E1,2.532159986E1,-4.132497747E0,1.269999981E0,1.506000061E2,9.935046196E0,2.500000000E0
2.906822528E2,6.518476535E1,2.532161059E1,-4.213301260E0,1.289999962E0,1.483000031E2,9.935046196E0,2.500000000E0
2.916817643E2,6.518475613E1,2.532162515E1,-4.392492648E0,1.240000010E0,1.476000061E2,9.935046196E0,2.500000000E0
2.926817487E2,6.518474634E1,2.532163979E1,-4.329679336E0,1.269999981E0,1.483999939E2,9.935046196E0,2.500000000E0
2.936819548E2,6.518473616E1,2.532165333E1,-4.167867043E0,1.279999971E0,1.496000061E2,9.935046196E0,2.500000000E0
2.946816155E2,6.518472678E1,2.532166842E1,-4.087414680E0,1.309999943E0,1.475000000E2,9.935046196E0,2.500000000E0
2.956821805E2,6.518471798E1,2.532168526E1,-3.988285474E0,1.289999962E0,1.456999969E2,9.935046196E0,2.500000000E0
2.966818725E2,6.518470851E1,2.532170146E1,-4.156612122E0,1.309999943E0,1.463000031E2,9.935046196E0,2.500000000E0
2.976820098E2,6.518469944E1,2.532171636E1,-4.351977830E0,1.269999981E0,1.456000061E2,9.935046196E0,2.500000000E0
2.986820416E2,6.518469068E1,2.532172725E1,-4.687664391E0,1.250000000E0,1.511000061E2,9.935046196E0,2.500000000E0
2.996815761E2,6.518468059E1,2.532173826E1,-4.611668124E0,1.250000000E0,1.496000061E2,9.935046196E0,2.500000000E0
3.006820930E2,6.518467066E1,2.532175280E1,-4.645351347E0,1.360000014E0,1.515000000E2,9.935046196E0,2.500000000E0
3.016822097E2,6.518466175E1,2.532176904E1,-4.792743212E0,1.259999990E0,1.446000061E2,9.935046196E0,2.500000000E0
3.026815355E2,6.518465303E1,2.532178249E1,-5.034862343E0,1.210000038E0,1.461999969E2,9.935046196E0,2.500000000E0
3.036817864E2,6.518464449E1,2.532179720E1,-5.127994475E0,1.269999981E0,1.491999969E2,9.935046196E0,2.500000000E0
3.046813954E2,6.518463521E1,2.532181279E1,-5.131587467E0,1.269999981E0,1.463999939E2,9.935046196E0,2.500000000E0
3.056818326E2,6.518462446E1,2.532182608E1,-5.056627970E0,1.299999952E0,1.521000061E2,9.935046196E0,2.500000000E0
3.066817022E2,6.518461302E1,2.532184188E1,-5.123635352E0,1.370000005E0,1.501999969E2,9.935046196E0,2.500000000E0
3.076821677E2,6.518460237E1,2.532185756E1,-5.227386324E0,1.269999981E0,1.483999939E2,9.935046196E0,2.500000000E0
3.086815330E2,6.518459204E1,2.532186998E1,-5.231162580E0,1.200000048E0,1.526999969E2,9.935046196E0,2.500000000E0
3.096820005E2,6.518458204E1,2.532188320E1,-5.268141955E0,1.220000029E0,1.481999969E2,9.935046196E0,2.500000000E0
3.106817601E2,6.518457188E1,2.532189549E1,-5.207587271E0,1.279999971E0,1.521999969E2,9.935046196E0,2.500000000E0
3.116821078E2,6.518456180E1,2.532190919E1,-5.325071873E0,1.230000019E0,1.501000061E2,9.935046196E0,2.500000000E0
3.126822700E2,6.518455177E1,2.532192113E1,-5.483694578E0,1.190000057E0,1.456999969E2,9.935046196E0,2.500000000E0
3.136815285E2,6.518454226E1,2.532193417E1,-5.522017014E0,1.190000057E0,1.465000000E2,9.935046196E0,2.500000000E0
3.146821382E2,6.518453152E1,2.532194929E1,-5.535741208E0,1.269999981E0,1.470000000E2,9.935046196E0,2.500000000E0
3.156816626E2,6.518452229E1,2.532196447E1,-5.292202970E0,1.220000029E0,1.483999939E2,9.935046196E0,2.500000000E0
3.166821788E2,6.518451212E1,2.532198010E1,-5.389972752E0,1.299999952E0,1.461000061E2,9.935046196E0,2.500000000E0
3.176816709E2,6.518450268E1,2.532199383E1,-5.553050934E0,1.220000029E0,1.480000000E2,9.935046196E0,2.500000000E0
3.186820694E2,6.518449383E1,2.532200809E1,-5.568973538E0,1.240000010E0,1.501999969E2,9.935046196E0,2.500000000E0
3.196815979E2,6.518448446E1,2.532201975E1,-5.547970174E0,1.269999981E0,1.545000000E2,9.935046196E0,2.500000000E0
3.206815258E2,6.518447454E1,2.532203170E1,-5.626209633E0,1.279999971E0,1.500000000E2,9.935046196E0,2.500000000E0
3.216817904E2,6.518446490E1,2.532204537E1,-5.328777474E0,1.269999981E0,1.471999969E2,9.935046196E0,2.500000000E0
3.226817671E2,6.518445524E1,2.532205820E1,-5.310886503E0,1.190000057E0,1.453999939E2,9.935046196E0,2.500000000E0
3.236817628E2,6.518444618E1,2.532206960E1,-5.437832571E0,1.179999948E0,1.451000061E2,9.935046196E0,2.500000000E0
3.246814291E2,6.518443686E1,2.532208274E1,-5.259602350E0,1.269999981E0,1.471999969E2,9.935046196E0,2.500000000E0
3.256823351E2,6.518442639E1,2.532209519E1,-5.267284783E0,1.320000052E0,1.518999939E2,9.935046196E0,2.500000000E0
3.266816078E2,6.518441622E1,2.532210859E1,-5.361453978E0,1.289999962E0,1.505000000E2,9.935046196E0,2.500000000E0
3.276820738E2,6.518440622E1,2.532212022E1,-5.364009873E0,1.240000010E0,1.476000061E2,9.935046196E0,2.500000000E0
3.286815222E2,6.518439533E1,2.532213409E1,-5.464465224E0,1.279999971E0,1.486000061E2,9.935046196E0,2.500000000E0
3.296818075E2,6.518438495E1,2.532214818E1,-5.299417855E0,1.279999971E0,1.471999969E2,9.935046196E0,2.500000000E0
3.306814669E2,6.518437433E1,2.532216108E1,-5.227815448E0,1.309999943E0,1.501000061E2,9.935046196E0,2.500000000E0
3.316820702E2,6.518436458E1,2.532217655E1,-5.425072786E0,1.289999962E0,1.463000031E2,9.935046196E0,2.500000000E0
3.326813091E2,6.518435503E1,2.532219118E1,-5.545059899E0,1.269999981E0,1.478999939E2,9.935046196E0,2.500000000E0
3.336814945E2,6.518434571E1,2.532220730E1,-5.639808769E0,1.220000029E0,1.471000061E2,9.935046196E0,2.500000000E0
3.346822636E2,6.518433651E1,2.532222346E1,-5.566649976E0,1.230000019E0,1.481000061E2,9.935046196E0,2.500000000E0
3.356815662E2,6.518432645E1,2.532223844E1,-5.489493203E0,1.299999952E0,1.518999939E2,9.935046196E0,2.500000000E0
3.366815853E2,6.518431721E1,2.532225405E1,-5.608198523E0,1.320000052E0,1.478999939E2,9.935046196E0,2.500000000E0
3.376816708E2,6.518430854E1,2.532226951E1,-5.755377065E0,1.309999943E0,1.513000031E2,9.935046196E0,2.500000000E0
3.386816441E2,6.518430032E1,2.532228457E1,-5.834318617E0,1.200000048E0,1.490000000E2,9.935046196E0,2.500000000E0
3.396818007E2,6.518429175E1,2.532229999E1,-5.659719874E0,1.230000019E0,1.491999969E2,9.935046196E0,2.500000000E0
3.406821082E2,6.518428228E1,2.532231485E1,-5.615797069E0,1.250000000E0,1.503999939E2,9.935046196E0,2.500000000E0
3.416819159E2,6.518427155E1,2.532232660E1,-5.584172885E0,1.360000014E0,1.538999939E2,9.935046196E0,2.500000000E0
3.426818867E2,6.518426194E1,2.532234061E1,-5.465146434E0,1.230000019E0,1.508999939E2,9.935046196E0,2.500000000E0
3.436822210E2,6.518425195E1,2.532235356E1,-5.277150294E0,1.259999990E0,1.526000061E2,9.935046196E0,2.500000000E0
3.446817258E2,6.518424215E1,2.532236595E1,-5.234662184E0,1.269999981E0,1.506999969E2,9.935046196E0,2.500000000E0
3.456820209E2,6.518423242E1,2.532237752E1,-5.356236788E0,1.289999962E0,1.531999969E2,9.935046196E0,2.500000000E0
3.466815025E2,6.518422268E1,2.532238924E1,-5.411771316E0,1.299999952E0,1.518000031E2,9.935046196E0,2.500000000E0
3.476819768E2,6.518421280E1,2.532240278E1,-5.321309284E0,1.250000000E0,1.506999969E2,9.935046196E0,2.500000000E0
3.486814685E2,6.518420218E1,2.532241460E1,-5.163037193E0,1.240000010E0,1.520000000E2,9.935046196E0,2.500000000E0
3.496817800E2,6.518419222E1,2.532242667E1,-5.095463624E0,1.259999990E0,1.523000031E2,9.935046196E0,2.500000000E0
3.506814361E2,6.518418273E1,2.532244033E1,-5.134152155E0,1.250000000E0,1.496000061E2,9.935046196E0,2.500000000E0
3.516819194E2,6.518417320E1,2.532245414E1,-5.198841610E0,1.289999962E0,1.498999939E2,9.935046196E0,2.500000000E0
3.526816167E2,6.518416352E1,2.532246786E1,-5.303203860E0,1.230000019E0,1.493000031E2,9.935046196E0,2.500000000E0
3.536817784E2,6.518415396E1,2.532248114E1,-5.130832868E0,1.230000019E0,1.508999939E2,9.935046196E0,2.500000000E0
3.546820122E2,6.518414361E1,2.532249620E1,-4.979884431E0,1.309999943E0,1.493999939E2,9.935046196E0,2.500000000E0
3.556813233E2,6.518413331E1,2.532251101E1,-4.906389687E0,1.309999943E0,1.480000000E2,9.935046196E0,2.500000000E0
3.566823503E2,6.518412307E1,2.532252569E1,-4.938790998E0,1.299999952E0,1.496999969E2,9.935046196E0,2.500000000E0
3.576817048E2,6.518411306E1,2.532254024E1,-5.193421457E0,1.330000043E0,1.516000061E2,9.935046196E0,2.500000000E0
3.586822713E2,6.518410428E1,2.532255477E1,-5.332268851E0,1.200000048E0,1.485000000E2,9.935046196E0,2.500000000E0
3.596813257E2,6.518409454E1,2.532256814E1,-5.203659957E0,1.279999971E0,1.526000061E2,9.935046196E0,2.500000000E0
3.606819594E2,6.518408416E1,2.532258296E1,-5.200477671E0,1.320000052E0,1.488999939E2,9.935046196E0,2.500000000E0
3.616822313E2,6.518407392E1,2.532259713E1,-5.287810735E0,1.309999943E0,1.500000000E2,9.935046196E0,2.500000000E0
3.626814860E2,6.518406418E1,2.532261247E1,-5.381491453E0,1.309999943E0,1.485000000E2,9.935046196E0,2.500000000E0
3.636820309E2,6.518405393E1,2.532262752E1,-5.312147075E0,1.309999943E0,1.493999939E2,9.935046196E0,2.500000000E0
3.646815119E2,6.518404462E1,2.532264440E1,-5.253728068E0,1.269999981E0,1.428999939E2,9.935046196E0,2.500000000E0
3.656818199E2,6.518403391E1,2.532265764E1,-5.233822327E0,1.309999943E0,1.516999969E2,9.935046196E0,2.500000000E0
3.666813181E2,6.518402396E1,2.532267273E1,-5.370410710E0,1.269999981E0,1.473999939E2,9.935046196E0,2.500000000E0
3.676817541E2,6.518401396E1,2.532268856E1,-5.452982794E0,1.389999986E0,1.496000061E2,9.935046196E0,2.500000000E0
3.686823074E2,6.518400469E1,2.532270293E1,-5.652682028E0,1.259999990E0,1.493000031E2,9.935046196E0,2.500000000E0
3.696822598E2,6.518399474E1,2.532271733E1,-5.862329643E0,1.289999962E0,1.491999969E2,9.935046196E0,2.640483379E0
3.706822968E2,6.518398451E1,2.532273288E1,-5.768754211E0,1.299999952E0,1.476999969E2,9.935046196E0,2.897566557E0
3.716817636E2,6.518397454E1,2.532274588E1,-5.583168966E0,1.289999962E0,1.513999939E2,9.935046196E0,2.704643011E0
3.726820770E2,6.518396430E1,2.532275950E1,-5.459534134E0,1.289999962E0,1.496000061E2,3.790092468E0,2.500000000E0
3.736822161E2,6.518395417E1,2.532277464E1,-5.449638041E0,1.309999943E0,1.483000031E2,3.790092468E0,2.500000000E0
3.746814619E2,6.518394416E1,2.532279004E1,-5.568495616E0,1.279999971E0,1.470000000E2,3.790092468E0,2.500000000E0
3.756816060E2,6.518393385E1,2.532280268E1,-5.734350707E0,1.230000019E0,1.486000061E2,3.790092468E0,2.500000000E0
3.766817546E2,6.518392328E1,2.532281718E1,-5.583524356E0,1.269999981E0,1.476000061E2,3.790092468E0,2.500000000E0
3.776815412E2,6.518391318E1,2.532283344E1,-5.423847764E0,1.309999943E0,1.441000061E2,3.790092468E0,2.500000000E0
3.786817407E2,6.518390353E1,2.532285070E1,-5.356029093E0,1.309999943E0,1.433999939E2,3.790092468E0,2.500000000E0
3.796818445E2,6.518389488E1,2.532286677E1,-5.608859378E0,1.250000000E0,1.438999939E2,3.790092468E0,2.500000000E0
3.806820791E2,6.518388648E1,2.532288134E1,-5.723567556E0,1.210000038E0,1.448999939E2,3.790092468E0,2.500000000E0
3.816815269E2,6.518387747E1,2.532289325E1,-5.745258424E0,1.200000048E0,1.488000031E2,3.790092468E0,2.500000000E0
3.826817018E2,6.518386824E1,2.532290676E1,-5.617382185E0,1.259999990E0,1.493999939E2,3.790092468E0,2.500000000E0
3.836813088E2,6.518385854E1,2.532292071E1,-5.640750730E0,1.259999990E0,1.478000031E2,3.790092468E0,2.500000000E0
3.846823008E2,6.518384969E1,2.532293553E1,-5.684047494E0,1.200000048E0,1.441000061E2,3.790092468E0,2.500000000E0
3.856814892E2,6.518384061E1,2.532295299E1,-5.650164616E0,1.210000038E0,1.421999969E2,3.790092468E0,2.500000000E0
3.866816020E2,6.518383067E1,2.532297051E1,-5.562875529E0,1.350000024E0,1.448999939E2,3.790092468E0,2.500000000E0
3.876813175E2,6.518382095E1,2.532299022E1,-5.605865621E0,1.509999990E0,1.431999969E2,3.790092468E0,2.500000000E0
3.886814252E2,6.518381013E1,2.532300884E1,-5.625845139E0,1.590000033E0,1.463000031E2,3.790092468E0,2.500000000E0
3.896818758E2,6.518379888E1,2.532302701E1,-5.667797194E0,1.590000033E0,1.453999939E2,3.790092468E0,2.500000000E0
3.906821836E2,6.518378724E1,2.532304683E1,-5.812898110E0,1.649999976E0,1.418999939E2,3.790092468E0,2.500000000E0
3.916818602E2,6.518377520E1,2.532306400E1,-5.937613656E0,1.590000033E0,1.443000031E2,3.790092468E0,2.500000000E0
3.926820752E2,6.518376345E1,2.532308102E1,-6.278668492E0,1.580000043E0,1.470000000E2,3.790092468E0,2.500000000E0
3.936822335E2,6.518375095E1,2.532309673E1,-6.171664152E0,1.600000024E0,1.501999969E2,3.790092468E0,2.500000000E0
3.946815227E2,6.518374054E1,2.532311651E1,-6.176812085E0,1.509999990E0,1.396999969E2,3.790092468E0,2.697870255E0
3.956819652E2,6.518372940E1,2.532313485E1,-6.149153566E0,1.529999971E0,1.451999969E2,3.790092468E0,2.922015190E0
3.966816433E2,6.518371758E1,2.532315343E1,-6.003147483E0,1.509999990E0,1.465000000E2,3.790092468E0,3.159421682E0
3.976820951E2,6.518370618E1,2.532317075E1,-6.043543253E0,1.519999981E0,1.441000061E2,3.790092468E0,3.364645958E0
3.986820912E2,6.518369474E1,2.532318820E1,-5.981369395E0,1.529999971E0,1.475000000E2,3.790092468E0,3.562495232E0
3.996815773E2,6.518368275E1,2.532320612E1,-5.739080412E0,1.549999952E0,1.486000061E2,3.790092468E0,3.273487568E0
4.006822076E2,6.518367109E1,2.532322550E1,-5.801936544E0,1.490000010E0,1.456000061E2,3.854552984E0,3.639617443E0
4.016817308E2,6.518365975E1,2.532324431E1,-6.060624259E0,1.490000010E0,1.448999939E2,3.950206041E0,3.815069199E0
4.026818674E2,6.518364824E1,2.532326570E1,-6.052496145E0,1.570000052E0,1.428999939E2,4.066446781E0,3.986973286E0
4.036821806E2,6.518363693E1,2.532328826E1,-5.975947469E0,1.529999971E0,1.421000061E2,4.177666187E0,4.145259857E0
4.046814889E2,6.518362529E1,2.532330994E1,-5.942642226E0,1.570000052E0,1.423000031E2,4.288622856E0,4.308644772E0
4.056814909E2,6.518361384E1,2.532333316E1,-5.810215652E0,1.570000052E0,1.388999939E2,4.416301250E0,4.458634377E0
4.066815932E2,6.518360365E1,2.532335523E1,-5.937372482E0,1.509999990E0,1.393999939E2,4.487796783E0,4.565931320E0
4.076816772E2,6.518359212E1,2.532337638E1,-5.983626736E0,1.570000052E0,1.443000031E2,4.108793736E0,3.965509653E0
4.086821404E2,6.518358039E1,2.532339638E1,-5.997837682E0,1.570000052E0,1.443000031E2,3.790092468E0,2.642716646E0
4.096814380E2,6.518356835E1,2.532341631E1,-6.128808741E0,1.549999952E0,1.436999969E2,3.790092468E0,2.897165298E0
4.106815175E2,6.518355654E1,2.532343648E1,-6.134779864E0,1.580000043E0,1.445000000E2,3.790092468E0,2.500000000E0
4.116814851E2,6.518354435E1,2.532345505E1,-6.115940351E0,1.580000043E0,1.481999969E2,3.790092468E0,2.500000000E0
4.126815523E2,6.518353220E1,2.532347361E1,-6.296441681E0,1.549999952E0,1.466999969E2,3.790092468E0,2.745259047E0
4.136817472E2,6.518351994E1,2.532349129E1,-6.164595734E0,1.529999971E0,1.483999939E2,3.790092468E0,3.011102915E0
4.146821122E2,6.518350767E1,2.532350889E1,-6.119755416E0,1.509999990E0,1.488000031E2,3.790092468E0,3.256347895E0
4.156816347E2,6.518349470E1,2.532352634E1,-6.061273419E0,1.620000005E0,1.508000031E2,3.891717434E0,3.482941628E0
4.166822061E2,6.518348168E1,2.532354500E1,-5.947584837E0,1.559999943E0,1.478000031E2,4.019767284E0,3.692382336E0
4.176817486E2,6.518346864E1,2.532356261E1,-5.764072254E0,1.580000043E0,1.486000061E2,4.124046803E0,3.886860609E0
4.186821269E2,6.518345657E1,2.532358061E1,-5.844140398E0,1.549999952E0,1.458999939E2,3.854053736E0,3.479380846E0
4.196815048E2,6.518344490E1,2.532359851E1,-5.846266872E0,1.519999981E0,1.461000061E2,3.976526260E0,3.703382015E0
4.206817911E2,6.518343262E1,2.532361751E1,-5.929630593E0,1.580000043E0,1.466000061E2,4.088684559E0,3.903520584E0
4.216815806E2,6.518342099E1,2.532363730E1,-5.631921474E0,1.549999952E0,1.465000000E2,4.231552124E0,4.141473770E0
4.226814241E2,6.518341006E1,2.532365730E1,-5.818587662E0,1.539999962E0,1.411000061E2,4.368688107E0,4.344231606E0
4.236817724E2,6.518339743E1,2.532367551E1,-5.659763879E0,1.629999995E0,1.478999939E2,4.484112740E0,4.506081104E0
4.246813633E2,6.518338539E1,2.532369369E1,-5.661096650E0,1.559999943E0,1.436000061E2,4.595242977E0,4.733086109E0
4.256815089E2,6.518337331E1,2.532371260E1,-5.658767135E0,1.580000043E0,1.471999969E2,4.713243961E0,4.862657070E0
4.266816318E2,6.518336067E1,2.532373087E1,-5.620182592E0,1.559999943E0,1.471999969E2,4.822704792E0,4.960532665E0
4.276820370E2,6.518334823E1,2.532374915E1,-5.727197514E0,1.549999952E0,1.478999939E2,4.901981354E0,5.038728237E0
4.286822463E2,6.518333502E1,2.532376729E1,-5.752058759E0,1.639999986E0,1.495000000E2,4.925531387E0,5.136045933E0
4.296814342E2,6.518332278E1,2.532378672E1,-5.749515428E0,1.570000052E0,1.443999939E2,5.019847393E0,5.208281040E0
4.306814448E2,6.518330979E1,2.532380434E1,-5.646386174E0,1.620000005E0,1.493999939E2,5.074914455E0,5.276115894E0
4.316818314E2,6.518329711E1,2.532382265E1,-5.617262054E0,1.590000033E0,1.470000000E2,5.215095043E0,5.337415218E0
4.326814386E2,6.518328455E1,2.532384121E1,-5.628268557E0,1.570000052E0,1.478000031E2,5.280243397E0,5.404394150E0
4.336818072E2,6.518327208E1,2.532385935E1,-5.644554736E0,1.570000052E0,1.471999969E2,5.340938568E0,5.470934868E0
4.346816505E2,6.518325834E1,2.532387740E1,-5.566540979E0,1.669999957E0,1.496999969E2,5.430097103E0,5.496659279E0
4.356821744E2,6.518324563E1,2.532389444E1,-5.745852179E0,1.519999981E0,1.471999969E2,5.411290646E0,5.826758385E0
4.366819036E2,6.518323225E1,2.532391139E1,-5.740928442E0,1.600000024E0,1.515000000E2,5.424910545E0,5.845879555E0
4.376813921E2,6.518321893E1,2.532392690E1,-5.825726726E0,1.590000033E0,1.530000000E2,5.458619595E0,5.842372417E0
4.386814485E2,6.518320639E1,2.532394329E1,-5.817599188E0,1.590000033E0,1.518999939E2,5.393312454E0,5.810989857E0
4.396822222E2,6.518319341E1,2.532395856E1,-5.733940665E0,1.610000014E0,1.526999969E2,5.442703724E0,5.806988239E0
4.406822422E2,6.518317984E1,2.532397214E1,-5.726850814E0,1.600000024E0,1.566000061E2,5.389050961E0,5.789385319E0
4.416815442E2,6.518316629E1,2.532398623E1,-5.798862425E0,1.610000014E0,1.566999969E2,5.371644497E0,5.758944511E0
4.426819062E2,6.518315246E1,2.532399975E1,-5.790917964E0,1.690000057E0,1.576999969E2,5.419751167E0,5.798143387E0
4.436814150E2,6.518313986E1,2.532401363E1,-5.901016037E0,1.590000033E0,1.556999969E2,5.441468716E0,5.788481712E0
4.446819032E2,6.518312630E1,2.532402718E1,-5.883824880E0,1.639999986E0,1.571000061E2,5.543438911E0,5.840268612E0
4.456818077E2,6.518311306E1,2.532404246E1,-5.896662808E0,1.600000024E0,1.531999969E2,5.581194878E0,5.836276054E0
4.466816055E2,6.518309954E1,2.532405618E1,-5.883408403E0,1.590000033E0,1.553999939E2,5.582831860E0,5.834007740E0
4.476814797E2,6.518308601E1,2.532406952E1,-5.829626731E0,1.610000014E0,1.573999939E2,5.500923634E0,5.828122616E0
4.486822223E2,6.518307127E1,2.532408016E1,-5.782742006E0,1.659999967E0,1.625000000E2,5.518670559E0,5.814095974E0
4.496816864E2,6.518305724E1,2.532409003E1,-5.701433976E0,1.580000043E0,1.626999969E2,4.521936893E0,4.802193165E0
4.506822735E2,6.518304225E1,2.532409913E1,-5.509377339E0,1.690000057E0,1.658000031E2,3.790092468E0,3.271005154E0
4.516819340E2,6.518302834E1,2.532410921E1,-5.498931142E0,1.580000043E0,1.635000000E2,3.790092468E0,3.537275076E0
4.526815822E2,6.518301504E1,2.532411961E1,-5.736654128E0,1.539999962E0,1.610000000E2,3.869133711E0,3.759710073E0
4.536817233E2,6.518300099E1,2.532412858E1,-5.805797945E0,1.590000033E0,1.641999969E2,3.961752653E0,3.964422941E0
4.546812936E2,6.518298581E1,2.532413737E1,-5.631380439E0,1.710000038E0,1.643999939E2,4.078283310E0,4.162425995E0
4.556817940E2,6.518297129E1,2.532414434E1,-5.497307898E0,1.590000033E0,1.658999939E2,3.811842918E0,3.676083565E0
4.566815231E2,6.518295653E1,2.532415238E1,-5.633803853E0,1.610000014E0,1.653000031E2,3.914787054E0,3.920683146E0
4.576820827E2,6.518294199E1,2.532416018E1,-5.584478437E0,1.590000033E0,1.661000061E2,4.084285259E0,4.540219307E0
4.586818106E2,6.518292762E1,2.532416815E1,-5.581631342E0,1.590000033E0,1.681000061E2,3.790092468E0,3.467046499E0
4.596822266E2,6.518291347E1,2.532417540E1,-5.698901701E0,1.580000043E0,1.685000000E2,3.790092468E0,2.885838985E0
4.606816913E2,6.518289970E1,2.532418357E1,-5.790995052E0,1.549999952E0,1.661000061E2,3.790092468E0,2.500000000E0
4.616822125E2,6.518288450E1,2.532418721E1,-5.704103063E0,1.570000052E0,1.713000031E2,3.790092468E0,2.500000000E0
4.626819833E2,6.518286957E1,2.532419263E1,-5.793327771E0,1.620000005E0,1.686000061E2,3.790092468E0,2.500000000E0
4.636814832E2,6.518285490E1,2.532419774E1,-5.663436465E0,1.620000005E0,1.703000031E2,3.790092468E0,2.500000000E0
4.646821274E2,6.518284117E1,2.532420327E1,-5.794379282E0,1.519999981E0,1.713999939E2,3.790092468E0,2.500000000E0
4.656813086E2,6.518282691E1,2.532420852E1,-5.869840936E0,1.549999952E0,1.731000061E2,3.790092468E0,2.500000000E0
4.666816496E2,6.518281210E1,2.532421613E1,-5.913166794E0,1.659999967E0,1.686999969E2,3.790092468E0,2.500000000E0
4.676822072E2,6.518279710E1,2.532422121E1,-6.034404480E0,1.639999986E0,1.723999939E2,3.790092468E0,2.500000000E0
4.686814696E2,6.518278151E1,2.532422287E1,-6.010439969E0,1.690000057E0,1.781999969E2,3.790092468E0,2.500000000E0
4.696816969E2,6.518276646E1,2.532422432E1,-6.051508735E0,1.669999957E0,1.761000061E2,3.790092468E0,2.500000000E0
4.706816581E2,6.518275102E1,2.532422419E1,-6.107165047E0,1.679999948E0,1.783000031E2,3.790092468E0,2.500000000E0
4.716814014E2,6.518273533E1,2.532422430E1,-6.018961319E0,1.730000019E0,1.780000000E2,3.790092468E0,2.500000000E0
4.726817822E2,6.518271978E1,2.532422571E1,-6.118898250E0,1.700000048E0,1.770000000E2,3.790092468E0,2.500000000E0
4.736814266E2,6.518270476E1,2.532422694E1,-6.213952674E0,1.639999986E0,1.780000000E2,3.790092468E0,2.500000000E0
4.746816463E2,6.518268929E1,2.532422654E1,-6.257432516E0,1.759999990E0,1.795000000E2,3.790092468E0,2.500000000E0
4.756819623E2,6.518267470E1,2.532422537E1,-6.172159305E0,1.590000033E0,1.813999939E2,3.790092468E0,2.500000000E0
4.766820976E2,6.518265949E1,2.532422502E1,-6.087770615E0,1.659999967E0,1.821999969E2,3.790092468E0,2.500000000E0
4.776820616E2,6.518264425E1,2.532422282E1,-5.931635482E0,1.669999957E0,1.823000031E2,3.790092468E0,2.500000000E0
4.786820865E2,6.518262883E1,2.532422202E1,-5.920092242E0,1.710000038E0,1.806000061E2,3.790092468E0,2.500000000E0
4.796814964E2,6.518261401E1,2.532422049E1,-5.672526512E0,1.669999957E0,1.801999969E2,3.790092468E0,2.500000000E0
4.806817255E2,6.518259879E1,2.532421728E1,-5.688724371E0,1.740000010E0,1.811999969E2,3.790092468E0,2.500000000E0
4.816814273E2,6.518258357E1,2.532421478E1,-5.653347370E0,1.740000010E0,1.813000031E2,3.790092468E0,2.500000000E0
4.826819130E2,6.518256827E1,2.532421556E1,-5.829303849E0,1.690000057E0,1.783000031E2,3.790092468E0,2.500000000E0
4.836814135E2,6.518255362E1,2.532421686E1,-5.875652390E0,1.659999967E0,1.775000000E2,3.790092468E0,2.500000000E0
4.846816667E2,6.518253864E1,2.532421446E1,-5.851536474E0,1.669999957E0,1.815000000E2,3.790092468E0,2.500000000E0
4.856820847E2,6.518252321E1,2.532421322E1,-5.745663490E0,1.690000057E0,1.813000031E2,3.790092468E0,2.500000000E0
4.866822586E2,6.518250867E1,2.532421417E1,-5.876210159E0,1.629999995E0,1.785000000E2,3.790092468E0,2.500000000E0
4.876817374E2,6.518249316E1,2.532421349E1,-5.916638283E0,1.720000029E0,1.808999939E2,3.790092468E0,2.500000000E0
4.886818152E2,6.518247810E1,2.532421356E1,-5.857640203E0,1.659999967E0,1.781000061E2,3.790092468E0,2.500000000E0
4.896822779E2,6.518246244E1,2.532421262E1,-5.640103220E0,1.710000038E0,1.796999969E2,3.790092468E0,2.500000000E0
4.906818284E2,6.518244717E1,2.532421401E1,-5.633442396E0,1.669999957E0,1.780000000E2,3.790092468E0,2.500000000E0
4.916820750E2,6.518243123E1,2.532421419E1,-5.491649659E0,1.710000038E0,1.798000031E2,3.790092468E0,2.500000000E0
4.926821888E2,6.518241587E1,2.532421353E1,-5.549137180E0,1.700000048E0,1.811000061E2,3.790092468E0,2.500000000E0
4.936815718E2,6.518240065E1,2.532421064E1,-5.618160897E0,1.649999976E0,1.806999969E2,3.790092468E0,2.500000000E0
4.946819740E2,6.518238447E1,2.532420725E1,-5.475514316E0,1.720000029E0,1.826000061E2,3.790092468E0,2.500000000E0
4.956820753E2,6.518236867E1,2.532420565E1,-5.329022326E0,1.690000057E0,1.798999939E2,3.790092468E0,2.559751987E0
4.966820522E2,6.518235369E1,2.532420603E1,-5.415013233E0,1.620000005E0,1.783000031E2,3.790092468E0,2.810584545E0
4.976815339E2,6.518233865E1,2.532420662E1,-5.487881505E0,1.720000029E0,1.793999939E2,3.790092468E0,3.085007429E0
4.986815693E2,6.518232390E1,2.532420592E1,-5.447285847E0,1.659999967E0,1.793000031E2,1.005237579E1,3.350442886E0
4.996817203E2,6.518230864E1,2.532420437E1,-5.275037282E0,1.679999948E0,1.816999969E2,9.935046196E0,2.573893309E0
5.006818268E2,6.518229374E1,2.532420303E1,-5.167547154E0,1.679999948E0,1.808000031E2,9.935046196E0,2.500000000E0
5.016816376E2,6.518227900E1,2.532420327E1,-5.068845829E0,1.690000057E0,1.781999969E2,9.935046196E0,2.500000000E0
5.026820786E2,6.518226455E1,2.532420331E1,-5.119924966E0,1.659999967E0,1.788000031E2,9.935046196E0,2.500000000E0
5.036817405E2,6.518224985E1,2.532420376E1,-5.343794417E0,1.679999948E0,1.811000061E2,9.935046196E0,2.500000000E0
5.046819699E2,6.518223495E1,2.532420210E1,-5.224402502E0,1.669999957E0,1.811000061E2,9.935046196E0,2.607035637E0
5.056814751E2,6.518222067E1,2.532420245E1,-5.340178925E0,1.639999986E0,1.801999969E2,9.935046196E0,2.867798090E0
5.066819396E2,6.518220664E1,2.532420235E1,-5.415489261E0,1.629999995E0,1.810000000E2,9.935046196E0,3.135835886E0
5.076818336E2,6.518219170E1,2.532420015E1,-5.410660431E0,1.679999948E0,1.803999939E2,9.935046196E0,2.500000000E0
5.086820409E2,6.518217716E1,2.532419817E1,-5.386483610E0,1.669999957E0,1.803999939E2,9.935046196E0,2.500000000E0
5.096818098E2,6.518216275E1,2.532419824E1,-5.295167742E0,1.659999967E0,1.765000000E2,9.935046196E0,2.500000000E0
5.106818505E2,6.518214756E1,2.532419929E1,-5.102593945E0,1.669999957E0,1.771999969E2,9.935046196E0,2.500000000E0
5.116817075E2,6.518213193E1,2.532419970E1,-5.043503952E0,1.679999948E0,1.778000031E2,9.935046196E0,2.500000000E0
5.126818775E2,6.518211673E1,2.532419876E1,-4.935525305E0,1.620000005E0,1.781000061E2,9.935046196E0,2.500000000E0
5.136820685E2,6.518210208E1,2.532419696E1,-5.070528077E0,1.669999957E0,1.816000061E2,9.935046196E0,2.500000000E0
5.146822761E2,6.518208760E1,2.532419690E1,-5.175074018E0,1.600000024E0,1.785000000E2,9.935046196E0,2.500000000E0
5.156818111E2,6.518207255E1,2.532419788E1,-4.908098452E0,1.720000029E0,1.793000031E2,9.935046196E0,2.500000000E0
5.166817684E2,6.518205829E1,2.532419645E1,-4.803355247E0,1.669999957E0,1.808000031E2,9.935046196E0,2.500000000E0
5.176822364E2,6.518204375E1,2.532419632E1,-4.717654591E0,1.669999957E0,1.761000061E2,9.935046196E0,2.500000000E0
5.186817596E2,6.518202907E1,2.532419815E1,-4.648371900E0,1.629999995E0,1.765000000E2,9.935046196E0,2.500000000E0
5.196822793E2,6.518201391E1,2.532420007E1,-5.085558673E0,1.700000048E0,1.773000031E2,9.935046196E0,2.500000000E0
5.206819924E2,6.518199931E1,2.532420045E1,-5.032084440E0,1.700000048E0,1.771000061E2,9.935046196E0,2.500000000E0
5.216816882E2,6.518198514E1,2.532420079E1,-4.953952228E0,1.679999948E0,1.775000000E2,9.935046196E0,2.500000000E0
5.226821664E2,6.518197134E1,2.532420587E1,-4.920496918E0,1.620000005E0,1.728999939E2,9.935046196E0,2.500000000E0
5.236816260E2,6.518195680E1,2.532420817E1,-4.919268395E0,1.669999957E0,1.761000061E2,9.935046196E0,2.500000000E0
5.246822454E2,6.518194170E1,2.532421193E1,-4.795785859E0,1.710000038E0,1.716999969E2,9.935046196E0,2.500000000E0
5.256815017E2,6.518192847E1,2.532421909E1,-5.094422674E0,1.620000005E0,1.696999969E2,9.935046196E0,2.500000000E0
5.266819944E2,6.518191477E1,2.532422546E1,-5.026848485E0,1.610000014E0,1.726999969E2,9.935046196E0,2.500000000E0
5.276822903E2,6.518189940E1,2.532423252E1,-5.014143912E0,1.730000019E0,1.683999939E2,9.935046196E0,2.500000000E0
5.286818706E2,6.518188349E1,2.532423779E1,-4.933690428E0,1.669999957E0,1.665000000E2,9.935046196E0,2.500000000E0
5.296819854E2,6.518186908E1,2.532424417E1,-4.745754552E0,1.690000057E0,1.681999969E2,9.935046196E0,2.500000000E0
5.306816432E2,6.518185332E1,2.532424917E1,-4.648211358E0,1.679999948E0,1.666999969E2,9.935046196E0,2.500000000E0
5.316817487E2,6.518183778E1,2.532425807E1,-4.747383746E0,1.669999957E0,1.636999969E2,9.935046196E0,2.500000000E0
5.326823314E2,6.518182082E1,2.532426499E1,-4.335935727E0,1.779999971E0,1.661999969E2,9.935046196E0,2.500000000E0
5.336816125E2,6.518180474E1,2.532427207E1,-4.333911946E0,1.679999948E0,1.625000000E2,9.935046196E0,2.500000000E0
5.346820393E2,6.518178923E1,2.532428028E1,-4.063333521E0,1.690000057E0,1.601000061E2,9.935046196E0,2.500000000E0
5.356822432E2,6.518177370E1,2.532429199E1,-4.103362245E0,1.690000057E0,1.601000061E2,9.935046196E0,2.500000000E0
5.366818434E2,6.518175885E1,2.532430463E1,-4.216633299E0,1.690000057E0,1.563999939E2,9.935046196E0,2.500000000E0
5.376820305E2,6.518174430E1,2.532431654E1,-4.147287474E0,1.669999957E0,1.590000000E2,9.935046196E0,2.500000000E0
5.386814388E2,6.518172944E1,2.532432732E1,-3.928588709E0,1.730000019E0,1.600000000E2,9.935046196E0,2.500000000E0
5.396820317E2,6.518171407E1,2.532434036E1,-3.810108928E0,1.759999990E0,1.580000000E2,9.935046196E0,2.500000000E0
5.406820239E2,6.518169882E1,2.532435421E1,-3.851052862E0,1.750000000E0,1.565000000E2,9.935046196E0,2.500000000E0
5.416822072E2,6.518168563E1,2.532437090E1,-3.998442536E0,1.659999967E0,1.551999969E2,9.935046196E0,2.500000000E0
5.426822668E2,6.518167191E1,2.532438591E1,-3.967609648E0,1.740000010E0,1.576000061E2,9.935046196E0,2.500000000E0
5.436817765E2,6.518165826E1,2.532439973E1,-4.031625684E0,1.669999957E0,1.565000000E2,9.935046196E0,2.500000000E0
5.446820573E2,6.518164487E1,2.532441583E1,-4.194945562E0,1.649999976E0,1.511000061E2,9.935046196E0,2.500000000E0
5.456822191E2,6.518163062E1,2.532443087E1,-4.251819921E0,1.700000048E0,1.551000061E2,9.935046196E0,2.500000000E0
5.466817657E2,6.518161743E1,2.532444410E1,-4.423197157E0,1.590000033E0,1.541000061E2,9.935046196E0,2.500000000E0
5.476821914E2,6.518160333E1,2.532445902E1,-4.592193200E0,1.740000010E0,1.538000031E2,9.935046196E0,2.500000000E0
5.486815673E2,6.518158902E1,2.532447344E1,-4.498554968E0,1.740000010E0,1.530000000E2,9.935046196E0,2.500000000E0
5.496820230E2,6.518157541E1,2.532449091E1,-4.450936942E0,1.740000010E0,1.490000000E2,9.935046196E0,2.500000000E0
5.506817762E2,6.518156202E1,2.532450620E1,-4.417235511E0,1.700000048E0,1.530000000E2,9.935046196E0,2.500000000E0
5.516812879E2,6.518154813E1,2.532452244E1,-4.445423273E0,1.679999948E0,1.521000061E2,9.935046196E0,2.500000000E0
5.526815405E2,6.518153442E1,2.532453699E1,-4.540811196E0,1.710000038E0,1.545000000E2,9.935046196E0,2.500000000E0
5.536815510E2,6.518152135E1,2.532455247E1,-4.753569847E0,1.700000048E0,1.533999939E2,9.935046196E0,2.500000000E0
5.546820437E2,6.518150747E1,2.532456408E1,-4.660603824E0,1.679999948E0,1.551999969E2,9.935046196E0,2.500000000E0
5.556816793E2,6.518149342E1,2.532457800E1,-4.527903332E0,1.750000000E0,1.563999939E2,9.935046196E0,2.500000000E0
5.566820402E2,6.518147937E1,2.532459560E1,-4.624022853E0,1.769999981E0,1.536999969E2,9.935046196E0,2.500000000E0
5.576817993E2,6.518146636E1,2.532461400E1,-4.658497217E0,1.669999957E0,1.526000061E2,9.935046196E0,2.500000000E0
5.586823054E2,6.518145352E1,2.532463327E1,-4.445351852E0,1.649999976E0,1.526999969E2,9.935046196E0,2.500000000E0
5.596817332E2,6.518144075E1,2.532464844E1,-4.553984747E0,1.679999948E0,1.558000031E2,9.935046196E0,2.500000000E0
5.606821618E2,6.518142826E1,2.532466224E1,-4.646993076E0,1.629999995E0,1.538999939E2,9.935046196E0,2.500000000E0
5.616814700E2,6.518141526E1,2.532467552E1,-4.680736124E0,1.629999995E0,1.571000061E2,9.935046196E0,2.500000000E0
5.626815011E2,6.518140275E1,2.532469068E1,-4.720643566E0,1.669999957E0,1.526000061E2,9.935046196E0,2.500000000E0
5.636819895E2,6.518138821E1,2.532470498E1,-4.801321656E0,1.700000048E0,1.571000061E2,9.935046196E0,2.500000000E0
5.646820394E2,6.518137450E1,2.532472223E1,-4.807963886E0,1.659999967E0,1.543000031E2,9.935046196E0,2.500000000E0
5.656817042E2,6.518136053E1,2.532473782E1,-4.757538471E0,1.710000038E0,1.561000061E2,9.935046196E0,2.500000000E0
5.666817694E2,6.518134626E1,2.532475384E1,-4.831136251E0,1.620000005E0,1.525000000E2,9.935046196E0,2.500000000E0
5.676814663E2,6.518133266E1,2.532477032E1,-4.875742570E0,1.570000052E0,1.521000061E2,9.935046196E0,2.500000000E0
5.686819373E2,6.518131818E1,2.532478405E1,-4.951965248E0,1.620000005E0,1.573000031E2,9.935046196E0,2.500000000E0
5.696820338E2,6.518130343E1,2.532479650E1,-4.555959061E0,1.679999948E0,1.553999939E2,9.935046196E0,2.500000000E0
5.706822447E2,6.518128884E1,2.532481116E1,-4.521890957E0,1.720000029E0,1.541999969E2,9.935046196E0,2.500000000E0
5.716816208E2,6.518127483E1,2.532482632E1,-4.001983194E0,1.629999995E0,1.520000000E2,9.935046196E0,2.500000000E0
5.726820285E2,6.518126052E1,2.532484334E1,-4.127948905E0,1.669999957E0,1.533999939E2,9.935046196E0,2.500000000E0
5.736815470E2,6.518124661E1,2.532485934E1,-4.154793943E0,1.639999986E0,1.541000061E2,9.935046196E0,2.500000000E0
5.746820270E2,6.518123243E1,2.532487472E1,-4.176573061E0,1.720000029E0,1.558000031E2,9.935046196E0,2.500000000E0
5.756821891E2,6.518121816E1,2.532488884E1,-3.999560900E0,1.740000010E0,1.581000061E2,9.935046196E0,2.500000000E0
5.766822192E2,6.518120416E1,2.532490252E1,-3.960854633E0,1.700000048E0,1.576999969E2,9.935046196E0,2.500000000E0
5.776817165E2,6.518119003E1,2.532491657E1,-4.053129667E0,1.639999986E0,1.573999939E2,9.935046196E0,2.500000000E0
5.786813829E2,6.518117594E1,2.532493300E1,-4.102923743E0,1.700000048E0,1.541000061E2,9.935046196E0,2.500000000E0
5.796820453E2,6.518116264E1,2.532494837E1,-4.274544616E0,1.629999995E0,1.546999969E2,9.935046196E0,2.500000000E0
5.806812919E2,6.518114930E1,2.532496272E1,-4.583983071E0,1.580000043E0,1.541999969E2,9.935046196E0,2.500000000E0
5.816817231E2,6.518113516E1,2.532497640E1,-4.586170290E0,1.629999995E0,1.571999969E2,9.935046196E0,2.500000000E0
5.826815286E2,6.518112001E1,2.532499059E1,-4.620278279E0,1.769999981E0,1.578999939E2,9.935046196E0,2.500000000E0
5.836817077E2,6.518110653E1,2.532500718E1,-4.453031614E0,1.679999948E0,1.570000000E2,9.935046196E0,2.500000000E0
5.846819434E2,6.518109293E1,2.532502177E1,-4.414935707E0,1.669999957E0,1.573000031E2,9.935046196E0,2.500000000E0
5.856814854E2,6.518107965E1,2.532504068E1,-4.096382494E0,1.690000057E0,1.533999939E2,9.935046196E0,2.500000000E0
5.866815023E2,6.518106615E1,2.532505762E1,-3.906552737E0,1.600000024E0,1.513999939E2,9.935046196E0,2.500000000E0
5.876812687E2,6.518105180E1,2.532507398E1,-3.850084494E0,1.629999995E0,1.516000061E2,9.935046196E0,2.500000000E0
5.886819806E2,6.518103870E1,2.532508820E1,-3.633216947E0,1.600000024E0,1.551000061E2,9.935046196E0,2.500000000E0
5.896819226E2,6.518102554E1,2.532510225E1,-3.736600872E0,1.610000014E0,1.560000000E2,9.935046196E0,2.500000000E0
5.906822432E2,6.518101199E1,2.532511531E1,-3.714069286E0,1.620000005E0,1.581000061E2,9.935046196E0,2.500000000E0
5.916820499E2,6.518099889E1,2.532512856E1,-3.748788862E0,1.629999995E0,1.578000031E2,9.935046196E0,2.500000000E0
5.926814314E2,6.518098567E1,2.532514545E1,-3.558837188E0,1.620000005E0,1.526000061E2,9.935046196E0,2.500000000E0
5.936822678E2,6.518097185E1,2.532516130E1,-3.489002624E0,1.620000005E0,1.546000061E2,9.935046196E0,2.500000000E0
5.946816541E2,6.518095805E1,2.532517940E1,-3.395485947E0,1.610000014E0,1.533999939E2,9.935046196E0,2.500000000E0
5.956822896E2,6.518094389E1,2.532519655E1,-3.320585015E0,1.669999957E0,1.533999939E2,9.935046196E0,2.500000000E0
5.966822669E2,6.518092950E1,2.532521079E1,-3.530230490E0,1.639999986E0,1.538999939E2,9.935046196E0,2.500000000E0
5.976813993E2,6.518091537E1,2.532522711E1,-3.656928874E0,1.629999995E0,1.556000061E2,9.935046196E0,2.500000000E0
5.986820324E2,6.518090016E1,2.532524209E1,-3.886898486E0,1.730000019E0,1.573999939E2,9.935046196E0,2.500000000E0
5.996817370E2,6.518088700E1,2.532525797E1,-3.941575967E0,1.610000014E0,1.561000061E2,9.935046196E0,2.500000000E0
6.006820304E2,6.518087349E1,2.532527418E1,-3.975684355E0,1.690000057E0,1.553999939E2,9.935046196E0,2.500000000E0
6.016820287E2,6.518085932E1,2.532529088E1,-4.170314768E0,1.730000019E0,1.546000061E2,9.935046196E0,2.500000000E0
6.026816100E2,6.518084567E1,2.532530611E1,-4.103288042E0,1.649999976E0,1.536000061E2,9.935046196E0,2.500000000E0
6.036813603E2,6.518083114E1,2.532531977E1,-4.061651835E0,1.720000029E0,1.588999939E2,9.935046196E0,2.500000000E0
6.046815224E2,6.518081774E1,2.532533605E1,-4.061702647E0,1.639999986E0,1.540000000E2,9.935046196E0,2.500000000E0
6.056821035E2,6.518080348E1,2.532534951E1,-4.182542205E0,1.649999976E0,1.581000061E2,9.935046196E0,2.500000000E0
6.066817774E2,6.518078919E1,2.532536385E1,-4.199560760E0,1.610000014E0,1.581000061E2,9.935046196E0,2.500000000E0
6.076812702E2,6.518077341E1,2.532537527E1,-4.347621670E0,1.700000048E0,1.621999969E2,9.935046196E0,2.500000000E0
6.086820361E2,6.518075947E1,2.532538836E1,-4.489579634E0,1.590000033E0,1.578999939E2,9.935046196E0,2.500000000E0
6.096815844E2,6.518074614E1,2.532540171E1,-4.862067634E0,1.539999962E0,1.583000031E2,9.935046196E0,2.500000000E0
6.106822175E2,6.518073195E1,2.532541348E1,-4.869015989E0,1.649999976E0,1.611999969E2,9.935046196E0,2.500000000E0
6.116822555E2,6.518071702E1,2.532542425E1,-4.892809889E0,1.690000057E0,1.633999939E2,9.935046196E0,2.500000000E0
6.126819879E2,6.518070322E1,2.532543364E1,-4.791116372E0,1.639999986E0,1.645000000E2,9.935046196E0,2.500000000E0
6.136816091E2,6.518068863E1,2.532544389E1,-4.849822665E0,1.679999948E0,1.653999939E2,9.935046196E0,2.500000000E0
6.146822200E2,6.518067399E1,2.532545342E1,-4.809407992E0,1.659999967E0,1.655000000E2,9.935046196E0,2.500000000E0
6.156817832E2,6.518065901E1,2.532546219E1,-4.652599269E0,1.679999948E0,1.663999939E2,9.935046196E0,2.500000000E0
6.166813929E2,6.518064353E1,2.532547015E1,-4.698060976E0,1.679999948E0,1.681999969E2,9.935046196E0,2.500000000E0
6.176817796E2,6.518062789E1,2.532547890E1,-4.616569309E0,1.720000029E0,1.668999939E2,9.935046196E0,2.500000000E0
6.186813968E2,6.518061263E1,2.532548789E1,-4.666669578E0,1.659999967E0,1.688999939E2,9.935046196E0,2.500000000E0
6.196816046E2,6.518059736E1,2.532549089E1,-4.647679327E0,1.649999976E0,1.758000031E2,9.935046196E0,2.500000000E0
6.206821240E2,6.518058280E1,2.532549708E1,-4.684230743E0,1.639999986E0,1.731000061E2,9.935046196E0,2.500000000E0
6.216822490E2,6.518056727E1,2.532550400E1,-4.599931906E0,1.720000029E0,1.711999969E2,9.935046196E0,2.500000000E0
6.226814520E2,6.518055229E1,2.532550485E1,-4.458078491E0,1.629999995E0,1.798999939E2,9.935046196E0,2.500000000E0
6.236822186E2,6.518053726E1,2.532550405E1,-4.324343079E0,1.639999986E0,1.813999939E2,9.935046196E0,2.500000000E0
6.246815673E2,6.518052262E1,2.532550554E1,-4.390924757E0,1.659999967E0,1.771000061E2,9.935046196E0,2.500000000E0
6.256814976E2,6.518050851E1,2.532550491E1,-4.508593580E0,1.669999957E0,1.828999939E2,9.935046196E0,2.500000000E0
6.266817691E2,6.518049438E1,2.532550326E1,-4.441997475E0,1.669999957E0,1.818000031E2,9.935046196E0,2.500000000E0
6.276821380E2,6.518047998E1,2.532550036E1,-4.364109997E0,1.610000014E0,1.823000031E2,9.935046196E0,2.500000000E0
6.286817650E2,6.518046493E1,2.532549864E1,-4.216275651E0,1.629999995E0,1.828999939E2,9.935046196E0,2.500000000E0
6.296819675E2,6.518044971E1,2.532549684E1,-4.356221998E0,1.610000014E0,1.838000031E2,9.935046196E0,2.500000000E0
6.306816089E2,6.518043435E1,2.532549600E1,-4.536634379E0,1.629999995E0,1.836999969E2,9.935046196E0,2.500000000E0
6.316817770E2,6.518041927E1,2.532549080E1,-4.802741191E0,1.620000005E0,1.876000061E2,9.935046196E0,2.500000000E0
6.326820522E2,6.518040505E1,2.532548386E1,-4.725465018E0,1.659999967E0,1.886999969E2,9.935046196E0,2.500000000E0
6.336822630E2,6.518039065E1,2.532547974E1,-4.658564128E0,1.580000043E0,1.858000031E2,9.935046196E0,2.500000000E0
6.346819969E2,6.518037577E1,2.532547554E1,-4.554065358E0,1.649999976E0,1.878000031E2,9.935046196E0,2.500000000E0
6.356819723E2,6.518036191E1,2.532547079E1,-4.257062336E0,1.600000024E0,1.911000061E2,9.935046196E0,2.500000000E0
6.366816842E2,6.518034692E1,2.532546623E1,-4.270971790E0,1.590000033E0,1.881000061E2,9.935046196E0,2.500000000E0
6.376821545E2,6.518033271E1,2.532545955E1,-3.951324960E0,1.529999971E0,1.891999969E2,9.935046196E0,2.500000000E0
6.386814418E2,6.518031908E1,2.532545294E1,-4.043421571E0,1.470000029E0,1.928000031E2,9.935046196E0,2.500000000E0
6.396818982E2,6.518030542E1,2.532544468E1,-4.011128871E0,1.610000014E0,1.951000061E2,9.935046196E0,2.500000000E0
6.406822391E2,6.518029271E1,2.532543971E1,-3.872573739E0,1.480000019E0,1.911000061E2,9.935046196E0,2.500000000E0
6.416820303E2,6.518027965E1,2.532543311E1,-3.978281473E0,1.500000000E0,1.936999969E2,9.935046196E0,2.500000000E0
6.426817880E2,6.518026605E1,2.532542241E1,-3.956487371E0,1.509999990E0,1.948999939E2,9.935046196E0,2.500000000E0
6.436815430E2,6.518025226E1,2.532541373E1,-3.804382682E0,1.519999981E0,1.923000031E2,9.935046196E0,2.500000000E0
6.446815857E2,6.518023884E1,2.532540625E1,-3.837519623E0,1.480000019E0,1.910000000E2,9.935046196E0,2.500000000E0
6.456817707E2,6.518022517E1,2.532540035E1,-3.973866549E0,1.570000052E0,1.896999969E2,9.935046196E0,2.500000000E0
6.466822462E2,6.518021138E1,2.532539406E1,-4.088118772E0,1.529999971E0,1.903000031E2,9.935046196E0,2.500000000E0
6.476816880E2,6.518019756E1,2.532538926E1,-4.193459528E0,1.529999971E0,1.878000031E2,9.935046196E0,2.500000000E0
6.486815798E2,6.518018277E1,2.532538431E1,-4.216219263E0,1.500000000E0,1.875000000E2,9.935046196E0,2.500000000E0
6.496817801E2,6.518016933E1,2.532537971E1,-4.282924913E0,1.429999948E0,1.893999939E2,9.935046196E0,2.500000000E0
6.506822410E2,6.518015561E1,2.532537072E1,-4.175925305E0,1.590000033E0,1.951999969E2,9.935046196E0,2.500000000E0
6.516816684E2,6.518014155E1,2.532536419E1,-4.380875685E0,1.620000005E0,1.883999939E2,9.935046196E0,2.500000000E0
6.526820945E2,6.518012645E1,2.532536243E1,-4.332101379E0,1.740000010E0,1.831000061E2,9.935046196E0,2.500000000E0
6.536822600E2,6.518011158E1,2.532535902E1,-4.209230861E0,1.659999967E0,1.868999939E2,9.935046196E0,2.500000000E0
6.546820160E2,6.518009683E1,2.532535591E1,-4.035945300E0,1.610000014E0,1.871000061E2,9.935046196E0,2.500000000E0
6.556821931E2,6.518008358E1,2.532535280E1,-3.952015962E0,1.509999990E0,1.878000031E2,9.935046196E0,2.500000000E0
6.566820741E2,6.518006954E1,2.532534800E1,-3.778364907E0,1.610000014E0,1.898999939E2,9.935046196E0,2.500000000E0
6.576814057E2,6.518005637E1,2.532534144E1,-3.730996404E0,1.529999971E0,1.926000061E2,9.935046196E0,2.500000000E0
6.586818249E2,6.518004384E1,2.532533331E1,-3.744724749E0,1.529999971E0,1.933999939E2,9.935046196E0,2.500000000E0
6.596822494E2,6.518003067E1,2.532532730E1,-3.484221362E0,1.519999981E0,1.910000000E2,9.935046196E0,2.500000000E0
6.606815500E2,6.518001713E1,2.532532290E1,-3.558800454E0,1.480000019E0,1.858000031E2,9.935046196E0,2.500000000E0
6.616821529E2,6.518000333E1,2.532531972E1,-3.361345463E0,1.570000052E0,1.878000031E2,9.935046196E0,2.500000000E0
6.626819630E2,6.517998978E1,2.532531686E1,-3.453868557E0,1.519999981E0,1.851000061E2,9.935046196E0,2.500000000E0
6.636816259E2,6.517997549E1,2.532531773E1,-3.538455912E0,1.580000043E0,1.783999939E2,9.935046196E0,2.500000000E0
6.646818203E2,6.517996315E1,2.532532156E1,-3.505978187E0,1.539999962E0,1.711000061E2,9.935046196E0,2.500000000E0
6.656821340E2,6.517994980E1,2.532533380E1,-3.572802359E0,1.470000029E0,1.565000000E2,9.935046196E0,2.500000000E0
6.666819959E2,6.517993724E1,2.532535224E1,-3.703102169E0,1.580000043E0,1.435000000E2,9.935046196E0,2.500000000E0
6.676816747E2,6.517992655E1,2.532537631E1,-3.653286973E0,1.559999943E0,1.326000061E2,9.935046196E0,2.500000000E0
6.686821285E2,6.517991787E1,2.532540546E1,-3.609209008E0,1.610000014E0,1.214000015E2,9.935046196E0,2.500000000E0
6.696818945E2,6.517991248E1,2.532543980E1,-3.910224365E0,1.629999995E0,1.079000015E2,9.935046196E0,2.500000000E0
6.706816008E2,6.517990605E1,2.532547710E1,-4.202388470E0,1.779999971E0,1.130000000E2,9.935046196E0,2.500000000E0
6.716822426E2,6.517989727E1,2.532552480E1,-3.901836774E0,2.349999905E0,1.151999969E2,9.935046196E0,2.500000000E0
6.726814916E2,6.517988641E1,2.532557755E1,-3.432703855E0,2.700000048E0,1.180999985E2,9.935046196E0,2.500000000E0
6.736822555E2,6.517987654E1,2.532563150E1,-4.291391002E0,2.670000076E0,1.160999985E2,9.935046196E0,2.500000000E0
6.746821014E2,6.517986779E1,2.532568606E1,-4.422051239E0,2.710000038E0,1.126999969E2,9.935046196E0,2.500000000E0
6.756814231E2,6.517986016E1,2.532574023E1,-4.099220912E0,2.730000019E0,1.108000031E2,9.935046196E0,2.500000000E0
6.766815141E2,6.517985240E1,2.532578948E1,-4.204309051E0,2.670000076E0,1.155000000E2,9.935046196E0,2.500000000E0
6.776818858E2,6.517984603E1,2.532583823E1,-4.308299361E0,2.650000095E0,1.111999969E2,9.935046196E0,2.500000000E0
6.786821297E2,6.517983443E1,2.532588092E1,-4.718257576E0,2.680000067E0,1.220999985E2,9.935046196E0,2.500000000E0
6.796815133E2,6.517982457E1,2.532592826E1,-4.638042334E0,2.670000076E0,1.180999985E2,9.935046196E0,2.500000000E0
6.806817807E2,6.517981804E1,2.532597756E1,-4.109891336E0,2.630000114E0,1.144000015E2,9.935046196E0,2.500000000E0
6.816820047E2,6.517981098E1,2.532602323E1,-4.097548952E0,2.619999886E0,1.165000000E2,9.935046196E0,2.500000000E0
6.826815883E2,6.517980481E1,2.532606936E1,-3.808412483E0,2.619999886E0,1.150000000E2,9.935046196E0,2.500000000E0
6.836816011E2,6.517979797E1,2.532611653E1,-3.142139226E0,2.609999895E0,1.099000015E2,9.935046196E0,2.500000000E0
6.846822613E2,6.517978804E1,2.532615943E1,-3.088353122E0,2.609999895E0,1.170000000E2,9.935046196E0,2.500000000E0
6.856818203E2,6.517978130E1,2.532620511E1,-3.343344883E0,2.519999981E0,1.155000000E2,9.935046196E0,2.500000000E0
6.866819755E2,6.517977507E1,2.532625077E1,-3.345163076E0,2.539999962E0,1.135999985E2,9.935046196E0,2.500000000E0
6.876815123E2,6.517976838E1,2.532629560E1,-3.454281021E0,2.579999924E0,1.156999969E2,9.935046196E0,2.500000000E0
6.886817767E2,6.517976136E1,2.532634051E1,-3.003767436E0,2.579999924E0,1.126999969E2,9.935046196E0,2.500000000E0
6.896821520E2,6.517975467E1,2.532638572E1,-3.454621140E0,2.559999943E0,1.136999969E2,9.935046196E0,2.500000000E0
6.906817640E2,6.517974628E1,2.532642930E1,-4.075091039E0,2.589999914E0,1.215999985E2,9.935046196E0,2.500000000E0
6.916822211E2,6.517973982E1,2.532647913E1,-4.268680692E0,2.630000114E0,1.110000000E2,9.935046196E0,2.500000000E0
6.926815458E2,6.517973297E1,2.532652627E1,-3.700613008E0,2.589999914E0,1.120999985E2,9.935046196E0,2.500000000E0
6.936818172E2,6.517972532E1,2.532656898E1,-3.193214813E0,2.519999981E0,1.136999969E2,9.935046196E0,2.500000000E0
6.946821750E2,6.517971835E1,2.532661518E1,-3.174890922E0,2.539999962E0,1.100999985E2,9.935046196E0,2.500000000E0
6.956816176E2,6.517971173E1,2.532666075E1,-3.328381307E0,2.529999971E0,1.105999985E2,9.935046196E0,2.500000000E0
6.966813368E2,6.517970421E1,2.532670742E1,-3.280821202E0,2.539999962E0,1.144000015E2,9.935046196E0,2.500000000E0
6.976821622E2,6.517969785E1,2.532675599E1,-3.367416548E0,2.559999943E0,1.098000031E2,9.935046196E0,2.500000000E0
6.986818139E2,6.517968914E1,2.532680122E1,-2.552033888E0,2.569999933E0,1.118000031E2,9.935046196E0,2.500000000E0
6.996813656E2,6.517968077E1,2.532684465E1,-2.396746998E0,2.559999943E0,1.108000031E2,9.935046196E0,2.500000000E0
7.006818061E2,6.517967281E1,2.532688809E1,-2.240666855E0,2.549999952E0,1.153000031E2,9.935046196E0,2.500000000E0
7.016815253E2,6.517966401E1,2.532693477E1,-1.813223297E0,2.579999924E0,1.140000000E2,9.935046196E0,2.500000000E0
7.026816888E2,6.517965691E1,2.532698316E1,-2.360389602E0,2.559999943E0,1.103000031E2,9.935046196E0,2.500000000E0
7.036820019E2,6.517964978E1,2.532703291E1,-2.544945740E0,2.579999924E0,1.110000000E2,9.935046196E0,2.500000000E0
7.046817113E2,6.517964148E1,2.532708331E1,-2.721383477E0,2.589999914E0,1.128000031E2,9.935046196E0,2.500000000E0
7.056820194E2,6.517963062E1,2.532712662E1,-2.366449372E0,2.559999943E0,1.190999985E2,9.935046196E0,2.500000000E0
7.066822270E2,6.517962072E1,2.532716996E1,-2.256755000E0,2.539999962E0,1.163000031E2,9.935046196E0,2.500000000E0
7.076816114E2,6.517961421E1,2.532721943E1,-2.000454578E0,2.589999914E0,1.115999985E2,9.935046196E0,2.500000000E0
7.086813377E2,6.517960847E1,2.532726716E1,-1.580214482E0,2.500000000E0,1.100000000E2,9.935046196E0,2.500000000E0
7.096820225E2,6.517960270E1,2.532731447E1,-1.878785497E0,2.549999952E0,1.105000000E2,9.935046196E0,2.500000000E0
7.106813585E2,6.517959597E1,2.532736205E1,-1.906665055E0,2.579999924E0,1.083000031E2,9.935046196E0,2.500000000E0
7.116816191E2,6.517958845E1,2.532741122E1,-2.608310970E0,2.589999914E0,1.113000031E2,9.935046196E0,2.500000000E0
7.126820143E2,6.517958179E1,2.532745991E1,-2.378560933E0,2.549999952E0,1.105999985E2,9.935046196E0,2.500000000E0
7.136815390E2,6.517957480E1,2.532750877E1,-2.586860013E0,2.549999952E0,1.109000015E2,9.935046196E0,2.500000000E0
7.146821755E2,6.517957093E1,2.532755975E1,-2.128534227E0,2.630000114E0,1.014000015E2,9.935046196E0,2.500000000E0
7.156814484E2,6.517956423E1,2.532760946E1,-1.857219014E0,2.599999905E0,1.095999985E2,9.935046196E0,2.500000000E0
7.166821530E2,6.517955575E1,2.532765853E1,-1.714015839E0,2.589999914E0,1.106999969E2,9.935046196E0,2.500000000E0
7.176813660E2,6.517954957E1,2.532770675E1,-2.158094271E0,2.539999962E0,1.096999969E2,9.935046196E0,2.500000000E0
7.186819515E2,6.517954342E1,2.532775574E1,-2.767944039E0,2.549999952E0,1.091999969E2,9.935046196E0,2.500000000E0
7.196816297E2,6.517953741E1,2.532780464E1,-2.597520459E0,2.559999943E0,1.075999985E2,9.935046196E0,2.500000000E0
7.206822429E2,6.517953032E1,2.532785073E1,-2.813449476E0,2.450000048E0,1.095000000E2,9.935046196E0,2.500000000E0
7.216817590E2,6.517952318E1,2.532789775E1,-2.272908545E0,2.509999990E0,1.126999969E2,9.935046196E0,2.500000000E0
7.226815263E2,6.517951651E1,2.532794689E1,-1.780768276E0,2.519999981E0,1.090000000E2,9.935046196E0,2.500000000E0
7.236820531E2,6.517951229E1,2.532799509E1,-1.369439982E0,2.529999971E0,1.046999969E2,9.935046196E0,2.500000000E0
7.246817540E2,6.517950683E1,2.532804310E1,-1.932659448E0,2.509999990E0,1.060000000E2,9.935046196E0,2.500000000E0
7.256816969E2,6.517950149E1,2.532809215E1,-1.306730803E0,2.539999962E0,1.053000031E2,9.935046196E0,2.500000000E0
7.266817706E2,6.517949647E1,2.532814005E1,-5.960247320E-1,2.539999962E0,1.029000015E2,9.935046196E0,2.500000000E0
7.276814257E2,6.517948929E1,2.532818724E1,-1.255373884E0,2.539999962E0,1.081999969E2,9.935046196E0,2.500000000E0
7.286820370E2,6.517948392E1,2.532823609E1,-1.802907182E0,2.529999971E0,1.073000031E2,9.935046196E0,2.500000000E0
7.296814112E2,6.517947966E1,2.532828695E1,-1.819556820E0,2.569999933E0,1.049000015E2,9.935046196E0,2.500000000E0
7.306817963E2,6.517947459E1,2.532833544E1,-1.834863783E0,2.559999943E0,1.053000031E2,9.935046196E0,2.500000000E0
7.316815228E2,6.517946778E1,2.532838313E1,-2.237377078E0,2.549999952E0,1.070999985E2,9.935046196E0,2.500000000E0
7.326820326E2,6.517946254E1,2.532843202E1,-1.969724888E0,2.529999971E0,1.014000015E2,9.935046196E0,2.500000000E0
7.336817708E2,6.517945611E1,2.532848070E1,-1.772567754E0,2.529999971E0,1.069000015E2,9.935046196E0,2.500000000E0
7.346822195E2,6.517945155E1,2.532853226E1,-1.885713676E0,2.549999952E0,1.023000031E2,9.935046196E0,2.500000000E0
7.356817686E2,6.517944538E1,2.532858285E1,-1.735187125E0,2.549999952E0,1.073000031E2,9.935046196E0,2.500000000E0
7.366822323E2,6.517943665E1,2.532863213E1,-1.369083402E0,2.539999962E0,1.119000015E2,9.935046196E0,2.500000000E0
7.376815321E2,6.517943044E1,2.532868197E1,-1.379323593E0,2.519999981E0,1.078000031E2,9.935046196E0,2.500000000E0
7.386819439E2,6.517942526E1,2.532873342E1,-1.793189446E0,2.539999962E0,1.034000015E2,9.935046196E0,2.500000000E0
7.396822033E2,6.517941768E1,2.532878320E1,-2.175377209E0,2.529999971E0,1.105000000E2,9.935046196E0,2.500000000E0
7.406820045E2,6.517941205E1,2.532883455E1,-1.764291687E0,2.509999990E0,1.063000031E2,9.935046196E0,2.500000000E0
7.416819097E2,6.517940667E1,2.532888428E1,-1.675106049E0,2.509999990E0,1.055000000E2,9.935046196E0,2.500000000E0
7.426822247E2,6.517939972E1,2.532893500E1,-1.856061018E0,2.500000000E0,1.095999985E2,9.935046196E0,2.500000000E0
7.436817588E2,6.517939537E1,2.532898763E1,-2.360136998E0,2.519999981E0,1.026999969E2,9.935046196E0,2.500000000E0
7.446814863E2,6.517938999E1,2.532903683E1,-2.373124326E0,2.490000010E0,1.043000031E2,9.935046196E0,2.500000000E0
7.456816123E2,6.517938274E1,2.532908467E1,-2.951662767E0,2.460000038E0,1.090999985E2,9.935046196E0,2.500000000E0
7.466814233E2,6.517937466E1,2.532913357E1,-2.616138069E0,2.480000019E0,1.098000031E2,9.935046196E0,2.500000000E0
7.476820211E2,6.517936995E1,2.532918534E1,-2.534093448E0,2.500000000E0,1.025000000E2,9.935046196E0,2.500000000E0
7.486819862E2,6.517936326E1,2.532923959E1,-4.251851999E0,2.500000000E0,1.055999985E2,9.935046196E0,2.500000000E0
7.496818038E2,6.517935604E1,2.532929166E1,-5.117437897E0,2.480000019E0,1.134000015E2,9.935046196E0,2.500000000E0
7.506815658E2,6.517935260E1,2.532934227E1,-5.081658807E0,2.519999981E0,1.058000031E2,9.935046196E0,2.500000000E0
7.516816452E2,6.517935112E1,2.532939150E1,-4.979047494E0,2.500000000E0,1.024000015E2,9.935046196E0,2.500000000E0
7.526819937E2,6.517934773E1,2.532944265E1,-4.872589604E0,2.519999981E0,1.046999969E2,9.935046196E0,2.500000000E0
7.536816455E2,6.517934389E1,2.532949257E1,-5.306231849E0,2.519999981E0,1.060000000E2,9.935046196E0,2.500000000E0
7.546821676E2,6.517933740E1,2.532954517E1,-5.535160286E0,2.549999952E0,1.095999985E2,9.935046196E0,2.500000000E0
7.556817803E2,6.517933229E1,2.532959581E1,-5.495229967E0,2.519999981E0,1.051999969E2,9.935046196E0,2.500000000E0
7.566822314E2,6.517932638E1,2.532964672E1,-4.977393919E0,2.539999962E0,1.068000031E2,9.935046196E0,2.500000000E0
7.576817913E2,6.517932124E1,2.532969612E1,-3.994043439E0,2.490000010E0,1.068000031E2,9.935046196E0,2.500000000E0
7.586822205E2,6.517931818E1,2.532974836E1,-4.013012730E0,2.529999971E0,1.043000031E2,9.935046196E0,2.500000000E0
7.596819221E2,6.517931194E1,2.532979781E1,-5.035337962E0,2.500000000E0,1.080999985E2,9.935046196E0,2.500000000E0
7.606815553E2,6.517930786E1,2.532984309E1,-4.075365354E0,2.400000095E0,1.098000031E2,9.935046196E0,2.500000000E0
7.616820090E2,6.517930410E1,2.532989293E1,-3.750096526E0,2.529999971E0,1.068000031E2,9.935046196E0,2.500000000E0
7.626815739E2,6.517929875E1,2.532994291E1,-4.614218965E0,2.490000010E0,1.085000000E2,9.935046196E0,2.500000000E0
7.636820111E2,6.517929767E1,2.532999608E1,-5.064768637E0,2.519999981E0,9.880000305E1,9.935046196E0,2.500000000E0
7.646815465E2,6.517929479E1,2.533004741E1,-5.151914482E0,2.490000010E0,1.041999969E2,9.935046196E0,2.500000000E0
7.656821338E2,6.517929359E1,2.533009988E1,-4.935777232E0,2.500000000E0,1.014000015E2,9.935046196E0,2.500000000E0
7.666816098E2,6.517928759E1,2.533014784E1,-4.596225462E0,2.539999962E0,1.113000031E2,9.935046196E0,2.500000000E0
7.676815704E2,6.517928442E1,2.533019908E1,-4.001547452E0,2.529999971E0,1.025000000E2,9.935046196E0,2.500000000E0
7.686820062E2,6.517928183E1,2.533025027E1,-3.400033805E0,2.480000019E0,1.049000015E2,9.935046196E0,2.500000000E0
7.696815848E2,6.517927703E1,2.533029900E1,-2.747250049E0,2.460000038E0,1.064000015E2,9.935046196E0,2.500000000E0
7.706820060E2,6.517927471E1,2.533035142E1,-2.796615181E0,2.519999981E0,1.025000000E2,9.935046196E0,2.500000000E0
7.716822369E2,6.517927125E1,2.533040296E1,-2.373628859E0,2.529999971E0,1.071999969E2,9.935046196E0,2.500000000E0
7.726817780E2,6.517926658E1,2.533045564E1,-1.955585539E0,2.519999981E0,1.085000000E2,9.935046196E0,2.500000000E0
7.736816258E2,6.517926243E1,2.533050506E1,-1.059210653E0,2.500000000E0,1.080999985E2,9.935046196E0,2.500000000E0
7.746821490E2,6.517925941E1,2.533055581E1,-1.167108508E0,2.500000000E0,1.039000015E2,9.935046196E0,2.500000000E0
7.756818206E2,6.517925525E1,2.533060470E1,-8.011902726E-1,2.490000010E0,1.074000015E2,9.935046196E0,2.500000000E0
7.766816796E2,6.517925118E1,2.533065473E1,-1.297698598E0,2.519999981E0,1.045000000E2,9.935046196E0,2.500000000E0
7.776823427E2,6.517924565E1,2.533070315E1,-1.394426265E0,2.509999990E0,1.086999969E2,9.935046196E0,2.500000000E0
7.786821690E2,6.517924057E1,2.533075264E1,-3.756754142E-1,2.480000019E0,1.086999969E2,9.935046196E0,2.500000000E0
7.796815162E2,6.517923929E1,2.533080425E1,-6.678390914E-1,2.539999962E0,1.010999985E2,9.935046196E0,2.500000000E0
7.806820099E2,6.517923886E1,2.533085575E1,-9.846003835E-1,2.519999981E0,9.390000153E1,9.935046196E0,2.500000000E0
7.816822446E2,6.517923596E1,2.533090310E1,-7.610170898E-1,2.539999962E0,1.035000000E2,9.935046196E0,2.500000000E0
7.826819143E2,6.517922978E1,2.533094979E1,-4.498468541E-1,2.500000000E0,1.114000015E2,9.935046196E0,2.500000000E0
7.836815774E2,6.517922532E1,2.533099855E1,-4.758962733E-1,2.509999990E0,1.025000000E2,9.935046196E0,2.500000000E0
7.846815432E2,6.517922246E1,2.533104755E1,1.459408873E-2,2.450000048E0,1.020000000E2,9.935046196E0,2.500000000E0
7.856817828E2,6.517921918E1,2.533109779E1,2.252997672E-1,2.490000010E0,1.018000031E2,9.935046196E0,2.500000000E0
7.866817617E2,6.517921613E1,2.533114889E1,-8.746634316E-1,2.480000019E0,9.869999695E1,9.935046196E0,2.500000000E0
7.876819866E2,6.517921242E1,2.533119395E1,-2.054522606E0,2.460000038E0,1.009000015E2,9.935046196E0,2.500000000E0
7.886814500E2,6.517920785E1,2.533124037E1,-2.472723349E0,2.460000038E0,1.021999969E2,9.935046196E0,2.500000000E0
7.896817941E2,6.517920647E1,2.533129013E1,-2.912470380E0,2.500000000E0,9.419999695E1,9.935046196E0,2.500000000E0
7.906822482E2,6.517920446E1,2.533133958E1,-3.543379272E0,2.480000019E0,9.769999695E1,9.935046196E0,2.500000000E0
7.916815011E2,6.517919960E1,2.533138813E1,-2.464997387E0,2.450000048E0,1.021999969E2,9.935046196E0,2.500000000E0
7.926817025E2,6.517919624E1,2.533143726E1,-2.898762122E0,2.460000038E0,1.004000015E2,9.935046196E0,2.500000000E0
7.936813945E2,6.517919670E1,2.533149020E1,-1.821053338E0,2.519999981E0,9.040000153E1,9.935046196E0,2.500000000E0
7.946821196E2,6.517919685E1,2.533154267E1,-1.993283464E0,2.450000048E0,9.090000153E1,9.935046196E0,2.500000000E0
7.956822260E2,6.517919338E1,2.533159385E1,-1.441513041E0,2.450000048E0,9.440000153E1,9.935046196E0,2.500000000E0
7.966815517E2,6.517919165E1,2.533164622E1,-1.661044500E0,2.480000019E0,9.240000153E1,9.935046196E0,2.500000000E0
7.976817641E2,6.517918649E1,2.533169978E1,-5.974319096E-1,2.500000000E0,1.010999985E2,9.935046196E0,2.500000000E0
7.986814871E2,6.517918566E1,2.533175202E1,-7.701498792E-1,2.509999990E0,8.980000305E1,9.935046196E0,2.500000000E0
7.996815721E2,6.517917925E1,2.533180082E1,-9.249825048E-1,2.500000000E0,1.018000031E2,9.935046196E0,2.500000000E0
8.006816105E2,6.517917614E1,2.533184886E1,-1.217756387E0,2.410000086E0,9.759999847E1,9.935046196E0,2.500000000E0
8.016819517E2,6.517917501E1,2.533189969E1,-9.167196247E-1,2.430000067E0,9.369999695E1,9.935046196E0,2.500000000E0
8.026820869E2,6.517917431E1,2.533195112E1,-9.251922265E-1,2.460000038E0,9.209999847E1,9.935046196E0,2.500000000E0
8.036815793E2,6.517917335E1,2.533200132E1,-2.102915449E0,2.420000076E0,8.959999847E1,9.935046196E0,2.500000000E0
8.046813340E2,6.517916775E1,2.533205038E1,-2.403134166E0,2.440000057E0,9.859999847E1,9.935046196E0,2.500000000E0
8.056822366E2,6.517916712E1,2.533210048E1,-2.563340484E0,2.460000038E0,9.240000153E1,9.935046196E0,2.500000000E0
8.066818214E2,6.517916339E1,2.533215056E1,-3.484653664E0,2.440000057E0,9.859999847E1,9.935046196E0,2.500000000E0
8.076822182E2,6.517915976E1,2.533219829E1,-3.659385363E0,2.430000067E0,9.419999695E1,9.935046196E0,2.500000000E0
8.086819418E2,6.517915775E1,2.533224689E1,-2.825328619E0,2.430000067E0,9.559999847E1,9.935046196E0,2.500000000E0
8.096814631E2,6.517915595E1,2.533229558E1,-2.548889149E0,2.430000067E0,9.240000153E1,9.935046196E0,2.500000000E0
8.106815182E2,6.517915243E1,2.533234598E1,-2.280627171E0,2.460000038E0,1.018000031E2,9.935046196E0,2.500000000E0
8.116820057E2,6.517915217E1,2.533239560E1,-2.437659948E0,2.450000048E0,9.269999695E1,9.935046196E0,2.500000000E0
8.126815195E2,6.517915052E1,2.533244685E1,-2.768886024E0,2.430000067E0,9.090000153E1,9.935046196E0,2.500000000E0
8.136822207E2,6.517914799E1,2.533249416E1,-2.710219922E0,2.400000095E0,9.550000000E1,9.935046196E0,2.500000000E0
8.146815409E2,6.517914455E1,2.533254539E1,-3.100344039E0,2.400000095E0,1.006999969E2,9.935046196E0,2.500000000E0
8.156818146E2,6.517914202E1,2.533259364E1,-2.552358890E0,2.380000114E0,9.769999695E1,9.935046196E0,2.500000000E0
8.166819852E2,6.517914379E1,2.533264009E1,-2.072552529E0,2.369999886E0,9.600000000E1,9.935046196E0,2.500000000E0
8.176815423E2,6.517914777E1,2.533268654E1,-1.696751172E0,2.390000105E0,8.680000305E1,9.935046196E0,2.500000000E0
8.186819267E2,6.517915432E1,2.533273047E1,-1.786466763E0,2.339999914E0,8.290000153E1,9.935046196E0,2.500000000E0
8.196821127E2,6.517916184E1,2.533276986E1,-1.568444542E0,2.369999886E0,8.259999847E1,9.935046196E0,2.500000000E0
8.206823229E2,6.517916644E1,2.533281269E1,-1.009416722E0,2.359999895E0,8.840000153E1,9.935046196E0,2.500000000E0
8.216816089E2,6.517916848E1,2.533285747E1,-3.795253998E-1,2.359999895E0,9.219999695E1,9.935046196E0,2.500000000E0
8.226820205E2,6.517916916E1,2.533290194E1,-8.287960659E-1,2.390000105E0,8.669999695E1,9.935046196E0,2.500000000E0
8.236817090E2,6.517916760E1,2.533294664E1,-1.258046040E0,2.400000095E0,9.240000153E1,9.935046196E0,2.500000000E0
8.246821887E2,6.517916730E1,2.533299432E1,-1.296182725E0,2.400000095E0,9.290000153E1,9.935046196E0,2.500000000E0
8.256819107E2,6.517916885E1,2.533303983E1,-9.820258668E-1,2.380000114E0,8.930000305E1,9.935046196E0,2.500000000E0
8.266814137E2,6.517917042E1,2.533308492E1,-1.392600553E0,2.410000086E0,8.930000305E1,9.935046196E0,2.500000000E0
8.276817654E2,6.517917069E1,2.533313160E1,-1.157666444E0,2.390000105E0,9.130000305E1,9.935046196E0,2.500000000E0
8.286815093E2,6.517915918E1,2.533317577E1,-4.999975323E-1,2.569999933E0,1.184000015E2,9.935046196E0,2.500000000E0
8.296815854E2,6.517914648E1,2.533319454E1,-1.011339779E0,1.820000052E0,1.423999939E2,9.935046196E0,2.500000000E0
8.306821268E2,6.517913583E1,2.533319907E1,-1.604778357E0,1.490000010E0,1.506000061E2,9.935046196E0,2.500000000E0
8.316815544E2,6.517912806E1,2.533320979E1,-1.595006598E0,1.240000010E0,1.278000031E2,9.935046196E0,2.500000000E0
8.326817804E2,6.517913041E1,2.533322978E1,-1.856722263E0,1.200000048E0,8.980000305E1,9.935046196E0,2.500000000E0
8.336816258E2,6.517914259E1,2.533323866E1,-2.220801125E0,1.100000024E0,3.079999924E1,9.935046196E0,2.500000000E0
8.346821895E2,6.517915250E1,2.533325053E1,-2.890725392E0,1.100000024E0,5.440000153E1,9.935046196E0,2.500000000E0
8.356820336E2,6.517915270E1,2.533326794E1,-3.117345324E0,1.100000024E0,9.830000305E1,9.935046196E0,2.500000000E0
8.366821449E2,6.517914834E1,2.533330113E1,-3.450832198E0,1.679999948E0,1.046999969E2,9.935046196E0,2.500000000E0
8.376817955E2,6.517913109E1,2.533330975E1,-3.240921906E0,1.950000048E0,1.578000031E2,9.935046196E0,2.500000000E0
8.386815786E2,6.517910818E1,2.533330488E1,-3.309148882E0,2.420000076E0,1.773999939E2,9.935046196E0,2.500000000E0
8.396818197E2,6.517908574E1,2.533330020E1,-3.111567946E0,2.369999886E0,1.801000061E2,9.935046196E0,2.500000000E0
8.406820103E2,6.517906234E1,2.533329505E1,-2.854477355E0,2.440000057E0,1.850000000E2,9.935046196E0,2.500000000E0
8.416822235E2,6.517903784E1,2.533329543E1,-2.944247836E0,2.559999943E0,1.786000061E2,9.935046196E0,2.500000000E0
8.426818282E2,6.517901455E1,2.533328655E1,-2.828393444E0,2.569999933E0,1.871000061E2,9.935046196E0,2.500000000E0
8.436821672E2,6.517899211E1,2.533327948E1,-3.190566433E0,2.539999962E0,1.838999939E2,9.935046196E0,2.500000000E0
8.446819542E2,6.517896990E1,2.533327141E1,-4.091985353E0,2.509999990E0,1.848999939E2,9.935046196E0,2.500000000E0
8.456823253E2,6.517894735E1,2.533326698E1,-4.103327647E0,2.519999981E0,1.835000000E2,9.935046196E0,2.500000000E0
8.466818124E2,6.517892610E1,2.533326294E1,-3.479721773E0,2.480000019E0,1.831999969E2,9.935046196E0,2.500000000E0
8.476820241E2,6.517890511E1,2.533325672E1,-3.136573034E0,2.470000029E0,1.841000061E2,9.935046196E0,2.500000000E0
8.486819986E2,6.517888339E1,2.533324575E1,-3.320280409E0,2.480000019E0,1.886000061E2,9.935046196E0,2.500000000E0
8.496822155E2,6.517886181E1,2.533323059E1,-3.809286596E0,2.480000019E0,1.881000061E2,9.935046196E0,2.500000000E0
8.506818934E2,6.517883951E1,2.533322292E1,-4.440136537E0,2.470000029E0,1.856999969E2,9.935046196E0,2.500000000E0
8.516820099E2,6.517881740E1,2.533322280E1,-4.587159285E0,2.480000019E0,1.801000061E2,9.935046196E0,2.500000000E0
8.526813904E2,6.517879656E1,2.533321629E1,-4.082572692E0,2.460000038E0,1.883999939E2,9.935046196E0,2.500000000E0
8.536814843E2,6.517877611E1,2.533321429E1,-3.887067366E0,2.450000048E0,1.806000061E2,9.935046196E0,2.500000000E0
8.546820080E2,6.517875566E1,2.533320539E1,-3.532811063E0,2.450000048E0,1.908000031E2,9.935046196E0,2.500000000E0
8.556813901E2,6.517873491E1,2.533319812E1,-3.254848211E0,2.430000067E0,1.861999969E2,9.935046196E0,2.500000000E0
8.566816064E2,6.517871364E1,2.533319032E1,-3.050737752E0,2.430000067E0,1.870000000E2,9.935046196E0,2.500000000E0
8.576822419E2,6.517869327E1,2.533317283E1,-2.945323643E0,2.430000067E0,1.963000031E2,9.935046196E0,2.500000000E0
8.586819623E2,6.517867345E1,2.533315878E1,-3.168705463E0,2.410000086E0,1.946000061E2,9.935046196E0,2.500000000E0
8.596816100E2,6.517865313E1,2.533315106E1,-3.187251707E0,2.410000086E0,1.923000031E2,9.935046196E0,2.500000000E0
8.606821353E2,6.517863262E1,2.533314969E1,-3.493333131E0,2.400000095E0,1.876999969E2,9.935046196E0,2.500000000E0
8.616813961E2,6.517861153E1,2.533314500E1,-3.508826591E0,2.390000105E0,1.880000000E2,9.935046196E0,2.500000000E0
8.626817725E2,6.517859257E1,2.533313509E1,-3.907134716E0,2.380000114E0,1.895000000E2,9.935046196E0,2.500000000E0
8.636822090E2,6.517857267E1,2.533311964E1,-3.355797554E0,2.369999886E0,1.958999939E2,9.935046196E0,2.500000000E0
8.646815382E2,6.517855385E1,2.533310898E1,-3.593400340E0,2.349999905E0,1.916000061E2,9.935046196E0,2.500000000E0
8.656821301E2,6.517853527E1,2.533309516E1,-3.887400400E0,2.349999905E0,1.956999969E2,9.935046196E0,2.500000000E0
8.666817892E2,6.517851635E1,2.533308470E1,-4.078006023E0,2.329999924E0,1.923999939E2,9.935046196E0,2.500000000E0
8.676813600E2,6.517849660E1,2.533307556E1,-3.989619255E0,2.349999905E0,1.908999939E2,9.935046196E0,2.500000000E0
8.686816143E2,6.517847647E1,2.533306635E1,-4.068712782E0,2.339999914E0,1.926999969E2,9.935046196E0,2.500000000E0
8.696823344E2,6.517845529E1,2.533306124E1,-3.939186754E0,2.349999905E0,1.886999969E2,9.935046196E0,2.500000000E0
8.706820119E2,6.517843382E1,2.533305898E1,-4.327543278E0,2.349999905E0,1.836999969E2,9.935046196E0,2.500000000E0
8.716816945E2,6.517841334E1,2.533304383E1,-3.938070995E0,2.390000105E0,1.956999969E2,9.935046196E0,2.500000000E0
8.726820176E2,6.517839404E1,2.533303320E1,-3.283888866E0,2.329999924E0,1.911999969E2,9.935046196E0,2.500000000E0
8.736817364E2,6.517837516E1,2.533302082E1,-3.353706340E0,2.299999952E0,1.963999939E2,9.935046196E0,2.500000000E0
8.746822101E2,6.517835502E1,2.533301368E1,-3.525206648E0,2.319999933E0,1.910000000E2,9.935046196E0,2.500000000E0
8.756817889E2,6.517833593E1,2.533301025E1,-4.204458155E0,2.309999943E0,1.851000061E2,9.935046196E0,2.500000000E0
8.766817581E2,6.517831537E1,2.533301262E1,-3.500040711E0,2.319999933E0,1.791999969E2,9.935046196E0,2.500000000E0
8.776817717E2,6.517829571E1,2.533300145E1,-3.697604122E0,2.339999914E0,1.913999939E2,9.935046196E0,2.500000000E0
8.786817428E2,6.517827756E1,2.533299125E1,-3.258632432E0,2.230000019E0,1.886000061E2,9.935046196E0,2.500000000E0
8.796822263E2,6.517825878E1,2.533298056E1,-3.267353404E0,2.220000029E0,1.931999969E2,9.935046196E0,2.500000000E0
8.806817708E2,6.517823972E1,2.533297034E1,-3.143933024E0,2.269999981E0,1.926999969E2,9.935046196E0,2.500000000E0
8.816820179E2,6.517821960E1,2.533295960E1,-2.411320333E0,2.220000029E0,1.921999969E2,9.935046196E0,2.500000000E0
8.826815002E2,6.517819977E1,2.533294917E1,-1.998654009E0,2.240000010E0,1.941000061E2,9.935046196E0,2.500000000E0
8.836817540E2,6.517817993E1,2.533293505E1,-2.624135434E0,2.210000038E0,1.933999939E2,9.935046196E0,2.500000000E0
8.846822023E2,6.517816390E1,2.533292818E1,-1.932783717E0,1.940000057E0,1.940000000E2,3.790092468E0,2.500000000E0
8.856819929E2,6.517814814E1,2.533291983E1,-1.726051589E0,1.820000052E0,1.936999969E2,3.790092468E0,2.500000000E0
